client_id,subscribe
2986,0.98
29710,1
38938,0.78
31313,0.96
24173,0.96
14426,0.14
40159,0.94
12301,0.98
9640,0.94
19742,0.28
5967,0.96
25559,0.94
34976,0.96
38126,0.84
17369,1
40632,1
37544,0.98
11284,1
36717,0.98
14536,0.98
26503,0.96
22763,1
32953,0.9
413,0.68
10762,1
14745,0.94
25946,0.74
14804,0.72
6790,1
30453,0.98
27455,0.66
29826,0.98
13689,1
13795,0.82
1835,0.4
41043,0.9
10563,0.44
38265,0.94
10848,1
41155,1
22925,1
28583,1
29133,0.94
7588,0.94
5242,0.36
11667,0.96
22369,0.84
5409,0.96
25931,0.84
19851,0.94
17993,0.6
6007,0.96
38467,0.46
27753,0.68
32117,0.84
38191,0.94
3984,1
22119,1
6333,0.94
2894,0.98
23883,0.98
27380,1
25244,1
4913,0.94
13238,0.98
36086,0.78
11187,0.98
16635,0.9
38210,0.98
6312,0.94
24671,0.94
34134,0.82
40160,0.46
20698,0.98
79,0.96
4518,0.9
9448,1
1230,1
3080,0.96
31315,0.98
4972,0.94
3509,1
17220,0.9
28577,0.7
2777,0.96
30712,1
17749,0.98
11126,0.18
2748,0.38
13376,0.98
39084,0.92
32128,1
19927,0.84
10216,1
27913,1
9174,1
7657,0.84
7132,1
38920,0.82
22344,0.64
20878,1
29851,0.86
36385,0.96
8539,0.98
36671,0.98
24243,0.96
8905,1
1963,1
23294,0.9
8482,1
13102,0.94
16011,0.9
3804,1
24378,0.68
26034,0.94
38947,1
33285,0.96
14816,0.94
28852,0.88
2761,1
37853,0.88
40302,1
4297,0.98
8946,0.88
6529,0.94
7053,1
20995,1
40459,0.56
11166,0.68
39155,0.02
1627,0.96
31167,0.98
28613,0.68
38376,0.94
11735,0.96
12053,1
40133,0.54
12336,1
30541,0.88
32580,0.9
28535,0.94
25008,0.96
41164,0.96
32661,0.98
25948,0.7
7348,0.98
28676,1
36480,0.98
39116,0.82
27525,1
887,0.98
28360,0.96
914,0.96
16385,0.92
15198,0.92
31218,1
5799,1
25932,0.86
20474,0.92
10943,0.86
38854,0.98
11688,0.92
8181,0.54
30774,0.96
22642,0.96
15017,0.98
12248,0.56
18671,1
39113,0.96
5459,0.92
40332,0.9
4176,1
33598,0.98
24730,0.98
12921,0.96
39404,1
384,1
24163,0.46
1191,0.98
30006,0.96
16707,0.86
30933,0.98
40197,0.96
33442,0.42
39150,1
29444,0.94
303,0.98
31566,0.92
1003,0.44
15390,0.88
4676,0.86
21973,0.98
14632,0.82
9008,1
16090,1
40269,0.26
5392,1
24790,1
18937,1
16886,1
31072,0.96
16021,1
23569,0.96
30092,0.94
9046,0.8
29573,0.96
29397,0.98
14539,1
15886,0.3
12893,1
13092,0.96
31389,0.94
41003,0.96
10666,0.86
17674,0.98
25855,0.88
20665,0.72
1762,0.98
18420,0.94
14303,0.92
9813,1
3271,0.98
10557,1
26367,0.66
29417,0.94
30526,0.96
11276,1
8412,0.96
18535,0.94
21542,0.94
30549,0.62
16087,0.98
35716,0.98
27644,0.98
328,0.98
15127,0.98
13835,0.98
4798,0.98
10247,0.98
4809,0.96
30856,1
16225,0.98
528,0.98
24743,0.98
663,0.96
20475,0.94
793,1
41098,0.98
22232,0.64
25036,0.96
32489,0.98
34867,0.96
16007,0.26
3632,0.6
29532,0.92
39728,0.98
13054,0.98
22253,0.98
40988,0.98
38557,0.92
32411,0.44
20316,0.58
40964,0.36
17670,1
21634,0.94
32798,0.98
27056,0.94
36904,1
5081,0.96
9386,1
37023,1
10355,0.88
10870,0.98
6440,1
17089,0.82
4738,0.56
11683,0.8
35532,0.96
29127,0.74
23053,0.94
38288,0.8
22510,0.7
10956,0.96
11978,0.96
7748,1
24581,0.6
27049,0.82
4288,1
613,0.74
30504,1
39739,0.98
25356,1
14130,0.96
36997,0.38
26602,1
17161,1
26557,0.44
13596,0.98
11181,0.94
5291,0.9
18575,1
24008,0.92
5251,0.94
28283,0.72
12285,0.98
5087,0.98
29587,0.98
1936,1
18559,0.92
8980,0.96
4399,0.96
27818,1
9940,0.94
21650,0.78
13800,1
5456,1
7432,0.88
3527,0.96
28362,0.94
15786,0.98
8314,0.96
37223,0.88
22340,0.98
27772,1
21811,0.82
40404,1
8062,0.9
14964,1
41160,1
2539,0.98
1055,0.98
22262,0.9
34250,1
35546,0.02
21846,0.84
22781,0.88
34845,0.94
316,1
33190,0.96
18669,0.96
22345,1
19935,1
18585,0.92
9546,1
39794,0.9
27695,0.96
6531,0.4
40360,1
6431,0.98
1004,0.92
39077,1
29649,0.96
8259,0.94
31978,1
30398,0.6
11496,0.94
12716,0.98
16766,0.64
36871,0.98
9248,1
37983,0.92
25641,0.96
16151,1
23979,0.94
16444,1
10865,0.98
23947,0.84
4427,0.94
26921,0.88
37389,0.98
854,0.98
3831,0.92
28509,0.36
35421,0.88
1158,0.96
29049,0.98
18217,0.98
5932,0.98
25788,1
31410,0.96
37807,1
19126,0.98
23631,0.96
12976,0.9
31805,0.98
21512,1
7354,0.78
27649,0.56
9901,1
10610,0.84
21502,0.94
17458,0.9
33439,1
10358,0.72
1746,0.3
20497,0.94
5103,0.98
287,0.92
18818,0.88
8313,0.94
2963,0.92
3214,0.42
7902,1
40215,1
23797,0.38
38791,0.96
33495,0.94
31519,0.84
41163,0.92
15971,1
22363,1
39285,0.94
29515,1
25306,1
7188,0.98
5072,0.88
22158,1
16438,0.92
718,0.96
12411,0.62
10241,0.98
30318,0.94
8024,0.9
33857,0.82
21719,0.88
19463,0.5
12143,0.96
9659,0.96
910,0.92
39014,0.74
19193,1
24738,1
23380,0.94
16245,0.94
20997,0.74
5858,0.96
11430,0.1
24530,1
26194,0.96
28260,1
13584,0.98
10478,0.96
22248,1
20256,0.96
25479,1
11602,0.88
37857,0.8
22132,1
1278,1
23897,1
26439,0.74
5264,1
40231,0.86
35321,0.94
20230,0.98
9411,0.86
1714,0.96
8464,0.98
1604,1
38443,0.22
32614,0.96
17138,0.48
36933,0.92
13472,1
10454,0.58
26379,0.38
10267,0.42
22999,0.84
5008,0.78
13071,0.92
9745,1
34890,0.98
19128,0.98
4002,1
26299,0.9
36290,0.98
28521,0.92
22506,0.98
36231,0.72
206,1
25012,0.34
15792,0.96
36456,0.88
27920,0.96
20222,0.98
37986,1
6875,0.86
38258,1
11799,0.94
16856,0.98
34256,0.84
33859,1
20170,0.4
7083,0.96
30880,0.98
40989,0.88
32929,1
32826,0.78
10391,0.76
18135,0.96
36182,0.98
20921,0.54
6397,0.46
22430,0.38
2960,0.3
15179,0.98
532,0.98
20578,0.92
16858,0.98
1682,0.98
7828,0.8
28789,0.98
15211,0.98
33127,0.98
2356,0.98
26889,0.98
2413,0.9
27849,0.8
4638,0.88
25431,0.98
32371,0.46
22542,1
21302,0.98
28786,0.72
20816,0.98
34421,0.98
23704,0.98
28841,1
21234,0.74
29435,0.8
24364,0.6
37561,0.96
2391,0.96
23172,0.92
39591,0.94
12020,0.88
21645,0.92
11138,0.92
17384,1
32691,1
17248,0.88
26795,0.96
36499,1
33484,0.98
18311,0.88
20746,0.98
10625,0.92
35518,0.9
39678,0.9
24302,0.92
19061,1
27524,0.98
17438,0.98
38931,0.8
37998,0.82
32635,1
29907,0.96
30287,0.96
29870,0.96
29576,0.94
3948,0.82
27058,0.94
28692,0.98
15861,0.94
34397,0.98
19274,0.94
17351,0.94
12647,1
8149,0.84
29626,0.76
17783,1
36461,1
3108,0.98
38760,0.96
13581,1
2172,0.88
35240,0.94
36502,0.98
32345,0.84
4982,0.96
37683,1
26476,0.94
24006,0.88
13032,0.94
26851,0.96
22610,0.98
6063,1
19554,0.92
15195,0.48
27081,1
19954,0.98
34911,0.96
24876,0.88
39751,0.98
16936,0.92
33378,0.98
9265,0.92
18978,0.86
8527,0.9
9311,0.98
33096,0.9
3847,0.9
6882,0.44
22107,0.98
17443,1
24024,0.76
29493,0.94
13888,0.96
38181,1
21619,0.84
35273,0.58
9468,0.82
38385,0.96
27848,0.9
15271,0.66
30981,0.98
5750,0.98
13752,1
18318,0.98
30193,0.88
37685,0.98
33943,1
13867,0.98
37814,0.96
31364,0.98
25742,0.98
4713,0.94
33777,0.6
39878,0.92
7045,0.96
32336,1
21430,0.7
27711,0.96
6337,0.06
39716,0.98
12151,0.78
16340,0.88
21329,1
18926,1
25501,1
14775,1
35152,0.94
27864,1
1674,1
27595,0.96
39452,0.98
12018,0.34
17354,0.7
3523,0.78
11111,0.96
32712,0.88
15159,0.92
27323,1
34613,0.98
31636,0.38
15710,0.46
13459,0.92
36358,1
33560,0.14
16369,0.62
24986,0.98
1993,1
32728,1
17092,0.98
34292,0.96
13119,0.8
5944,1
13144,0.98
18638,0.74
13971,0.9
36345,0.98
17744,1
40837,1
16015,1
28969,1
36792,0.96
21461,0.66
354,0.94
31999,1
13723,1
5583,0.96
25817,0.94
7153,0.94
14830,1
8373,1
10726,0.98
57,0.62
25118,0.98
36015,0.92
33685,0.96
3420,0.96
28152,0.98
6004,0.92
16668,0.96
9765,1
5879,0.92
7920,0.96
7272,0.98
33135,0.98
29604,0.98
1660,0.96
9921,0.98
2747,0.94
11379,1
32194,0.82
40361,0.94
34109,0.98
10946,0.98
19672,0.98
5013,0.2
19705,0.58
20349,1
7918,0.38
8847,0.98
24409,1
7599,0.96
29312,0.98
23652,1
10722,1
30164,1
27035,1
6774,0.96
26707,0.9
37186,0.96
28168,0.98
27860,0.98
5360,0.54
13473,1
21008,1
10879,0.38
28932,0.94
28844,0.56
17683,1
3374,1
9453,0.94
18021,1
11374,0.96
16897,1
34263,0.96
24634,0.9
38427,0.6
12832,0.8
21607,0.92
4606,0.92
25941,0.9
12297,1
27487,0.98
37861,0.96
18767,0.98
1755,1
37101,1
39903,0.96
18714,1
15349,0.38
38234,0.98
3758,0.92
33330,0.82
486,0.86
32624,0.94
36743,0.96
2458,1
38828,0.98
22898,1
22900,0.78
9452,0.42
16016,1
4631,1
7384,1
12615,0.9
37791,0.94
18188,1
30262,0.72
32012,0.94
26838,1
1573,0.98
40661,0.96
11306,1
27276,0.2
24597,0.92
1872,0.62
37468,0.98
28622,1
31022,1
22163,0.9
36256,0.74
26520,1
8395,1
15742,1
10362,0.96
39700,0.92
26029,0.96
19494,0.98
11120,0.98
9968,0.96
2026,1
24325,0.58
1616,0.76
4991,0.98
7953,0.96
3526,1
5608,1
23539,0.84
3221,1
19190,1
15001,0.96
12793,1
27880,0.98
21942,0.62
12438,0.86
24545,0.92
14786,0.88
18080,1
40657,0.96
33855,0.04
28224,0.96
15481,0.72
1532,0.34
8794,0.8
11487,0.98
24275,1
13052,0.98
29217,0.86
19028,0.96
1151,0.98
37367,0.98
27726,0.98
3756,0.9
21486,1
33923,0.98
15839,0.24
21395,0.82
32582,0.98
39904,0.98
29162,0.94
22350,1
4489,0.52
38489,0.98
11843,0.98
4749,0.88
27728,0.96
15226,0.12
39839,0.92
10141,0.98
9018,0.98
16691,0.8
21642,0.98
21893,0.98
17289,0.98
24075,1
38426,0.92
28574,0.94
7446,0.98
33450,0.92
33980,1
20001,0.94
32454,1
1907,1
31554,0.9
31731,0.98
30779,0.9
37123,1
32711,0.98
10825,1
37756,1
41007,0.98
31012,0.98
37951,0.98
5817,0.98
3864,0.94
8625,0.94
19179,0.96
35252,1
21471,0.98
18859,0.34
17586,0.94
26321,1
10210,0.88
7888,0.96
32188,1
16086,0.98
40931,0.2
21399,0.86
39615,1
11594,0.88
17383,1
39400,1
20639,0.96
15213,1
17363,0.94
34035,0.82
14516,1
23385,1
744,0.86
13664,0.88
13720,0.94
33551,0.9
36523,0.92
36767,0.74
8334,1
39866,0.98
7914,0.96
6339,0.48
14401,0.98
7078,0.98
883,0.84
17498,1
25555,0.98
9352,0.72
37496,0.92
8447,0.92
37605,0.62
4659,0.2
14097,1
27983,0.98
11466,0.98
36495,0.96
15743,0.7
506,0.96
7186,0.26
12058,0.94
17173,1
29747,1
24479,0.86
14641,0.94
10538,0.94
1099,0.98
8563,1
31146,1
7932,0.8
3357,1
40521,0.78
37873,0.14
12748,1
11428,0.9
25646,0.88
20053,0.88
21629,1
32007,0.98
31911,1
2401,0.96
35901,1
324,0.88
18325,0.98
40646,0.98
20757,0.98
12631,1
1098,0.84
5871,0.94
28411,1
7525,0.24
7022,1
38865,0.98
11954,0.84
27574,1
30913,0.94
2610,0.78
10783,0.96
10702,1
32357,0.9
13258,0.92
31390,0.86
32123,0.94
27098,1
18957,0.98
34522,0.98
2112,0.92
39246,0.36
15472,0.98
8985,0.9
10049,1
33485,1
1593,1
18376,1
4782,0.96
6331,1
2040,0.98
12866,1
28379,0.58
13158,0.98
5850,0.78
33809,0.86
27396,1
1223,1
34608,0.92
6408,0.86
36441,0.84
35788,0.98
36322,1
25989,0.96
37833,0.54
40016,0.92
32356,0.98
38371,0.98
13151,0.98
19748,0.52
14472,0.32
34393,1
23520,0.7
26593,1
26609,0.94
25104,1
12663,0.6
11899,0.94
35493,0.84
36104,0.78
28680,1
9280,0.84
40839,1
27321,0.92
19103,0.98
19478,0.92
28305,0.46
39534,1
21427,1
30563,1
21540,0.46
23346,0.98
12176,1
27331,0.94
7822,0.98
38136,1
18239,1
38477,0.96
33694,0.92
30689,1
12926,0.92
16979,0.98
22148,1
27117,0.82
26175,0.94
18350,0.98
24997,0.96
24070,1
14156,1
2622,0.98
17435,0.9
31118,1
10688,1
16252,0.98
7279,1
9808,0.56
9865,0.94
40487,1
14099,0.94
22541,1
12683,0.8
31582,0.98
30716,1
21125,1
31222,1
11693,1
37850,0.96
32095,1
1833,0.9
11158,1
41013,0.96
1131,1
18645,0.7
25252,0.96
18647,0.06
37799,1
35294,0.86
19986,0.54
19476,0.9
28116,0.98
17531,0.92
3944,0.88
19162,0.96
24091,0.96
3788,0.86
37007,0.98
8759,0.94
30621,0.82
34029,1
18600,0.86
7214,0.98
39377,0.9
16749,0.56
4338,0.92
39475,0.98
13434,1
28108,0.88
9137,0.56
37457,0.98
14371,0.14
13037,0.98
40252,0.98
11016,0.74
39971,1
40101,1
31111,0.96
30938,0.94
11973,0.98
28648,1
10222,0.96
29474,0.96
29124,0.62
33646,0.98
7041,0.54
25170,1
16191,0.44
34667,1
35083,0.62
6023,0.96
13944,0.98
22341,0.88
19520,1
32564,0.98
33627,0.98
9277,0.96
39681,1
5673,0.98
10093,0.74
20464,0.36
218,0.92
35303,1
14198,0.82
36341,1
23866,0.98
40580,0.9
1612,1
37956,0.84
40257,0.9
6666,0.94
5373,0.78
8590,1
10412,0.96
9215,1
38127,1
1710,1
1892,0.94
24682,0.92
6586,1
25216,0.98
17419,0.92
31773,1
4450,0.94
31882,0.86
38716,0.96
475,0.98
30705,1
1846,0.94
6267,1
27379,0.96
9582,0.9
36666,0.9
41044,0.62
10754,0.9
40739,0.98
8944,0.62
4477,1
32024,0.98
23337,1
12780,1
19507,1
6189,0.58
5864,0.92
40061,0.96
1571,0.78
34513,0.92
21417,0.96
22876,1
19483,1
22339,0.96
1976,0.92
39730,1
13836,1
38650,0.74
33482,0.94
2123,0.98
2719,1
36307,1
8243,1
29880,0.94
38328,0.76
1702,1
36701,0.98
13374,0.84
13403,0.94
1819,0.26
25265,0.94
12064,0.62
31302,1
21983,0.88
23441,0.96
31141,0.94
5218,1
38363,1
9872,1
9539,1
40966,1
39614,1
24505,0.98
35097,0.98
29104,0.98
32065,0.96
20138,0.76
3075,0.96
39861,0.96
21880,0.98
29438,0.92
3959,0.78
7971,0.96
22256,0.92
28912,1
24948,1
12595,1
29996,1
12430,0.82
31584,1
29701,0.6
23729,0.98
32525,0.96
9906,0.98
13582,0.98
30219,1
29147,1
18406,1
4365,0.78
5056,0.9
4449,0.94
6840,0.72
17224,0.96
26077,0.66
9015,0.98
38109,0.96
35209,0.98
32621,1
35832,1
27798,1
19690,1
15943,0.98
13850,0.98
36023,0.98
7642,0.98
21017,1
17473,0.94
27560,0.96
31537,0.98
8125,0.96
21677,1
24750,0.98
8041,0.68
24561,0.96
27061,0.26
18778,0.96
6862,1
34554,0.42
16724,0.96
15843,0.32
2023,0.46
4146,0.88
19590,0.86
25068,0.98
3896,0.94
24152,0.96
33171,1
24678,0.98
22403,0.96
1825,0.68
40631,0.98
28834,0.94
4841,1
5455,0.92
11309,0.94
3294,1
17307,0.68
1750,0.2
36140,0.9
37449,1
24846,0.78
11766,0.98
32126,0.74
36277,0.94
22326,0.98
17751,0.04
24701,0.96
14411,0.72
38248,0.8
27369,1
27240,0.98
12121,1
20427,1
23589,0.88
4410,1
41081,0.78
4353,1
40822,0.92
25952,0.96
25261,0.46
15214,1
13525,0.86
31956,0.88
28968,1
24307,0.8
29346,0.96
26968,0.2
21444,0.94
29674,0.98
32015,0.76
33412,1
9551,0.58
31591,0.98
5306,0.98
30208,1
23595,0.92
19694,0.94
6129,0.98
9526,0.96
29364,1
2920,0.92
37125,1
26523,1
7280,0.76
11088,0.66
37359,0.98
8731,0.88
14136,0.9
14995,0.56
30056,0.48
615,1
17083,0.7
33825,0.92
9814,0.82
38008,1
4648,0.78
37827,1
8309,0.96
40081,0.96
15888,1
10889,0.94
12200,0.96
14260,0.8
5899,0.92
37176,0.6
19514,0.98
15798,1
40031,1
2463,1
32221,0.78
12262,0.98
20114,0.7
20994,0.52
32131,0.96
37384,1
16551,0.92
17160,0.96
933,0.98
29837,1
33789,1
9407,1
30294,0.18
26766,0.88
10,0.74
2148,0.96
12664,0.82
30401,0.94
7486,0.92
18775,0.94
7960,0.42
26911,0.98
39840,0.86
32898,0.98
6911,1
17314,0.88
20149,0.94
15473,1
18362,0.94
25021,0.96
8789,0.92
40195,0.84
39618,0.92
39763,0.92
31706,0.96
17906,0.86
27425,0.94
2056,0.98
30700,1
21927,0.56
10352,0.92
3829,0.56
8511,0.9
8201,0.98
18205,0.62
41080,0.8
39012,0.94
33371,1
1491,1
38604,0.7
16787,0.98
26412,0.8
3743,0.96
39389,1
10162,1
38697,0.82
18008,0.98
38128,0.96
38,0.98
2649,1
18849,1
38063,1
5691,0.82
38241,0.96
20590,0.92
17102,0.92
9635,0.9
11825,0.96
36173,0.96
37966,0.34
25759,0.94
25623,0.92
29980,0.96
32897,0.46
28858,1
6081,0.98
9103,0.98
26649,1
37617,0.36
39742,1
26057,0.94
25656,0.96
5403,0.82
34438,0.94
30304,0.96
30217,0.96
29780,0.54
1416,0.42
8522,1
19370,0.98
16122,0.94
14852,1
1779,0.96
23613,0.92
25664,0.96
3551,1
3748,0.96
25193,1
17076,1
22682,0.98
20569,1
22985,0.92
35325,1
23723,1
15777,0.78
20223,0.84
16434,0.96
6780,0.98
27723,1
16765,0.98
27346,1
40064,1
23891,1
338,0.62
34707,0.8
33243,0.94
39152,0.56
9201,0.86
1362,0.98
27234,0.96
13402,1
5136,0.98
18040,0.92
30075,0.58
3945,0.94
23496,1
27816,0.94
3937,0.96
15247,0.98
30070,0.9
4454,0.98
31861,0.78
33078,0.9
21721,0.92
6439,0.92
5974,0.98
16789,0.98
27411,0.98
11424,0.98
35600,0.94
31097,0.88
9945,0.92
4109,0.92
19491,1
16300,0.98
21237,0.88
8088,0.9
35055,0.92
10624,0.98
16838,0.98
11665,0.9
9242,0.96
15698,0.7
6083,0.8
36711,0.98
31642,0.38
32457,0.88
40722,0.88
34251,1
20737,1
13589,0.94
12128,0.92
724,0.88
2306,0.94
34566,0.96
9601,0.86
8108,1
9476,0.92
15304,0.7
25823,1
40599,0.62
30760,0.98
8995,1
34876,0.92
307,0.88
29789,1
34274,0.8
27688,0.94
8976,1
35475,0.96
9785,1
15458,0.96
26390,0.98
33687,0.96
33976,0.96
20674,0.98
2102,0.84
40475,0.98
36998,1
37629,1
9957,0.94
8469,1
20419,1
26340,0.92
22160,1
24564,0.94
12463,1
608,0.94
29502,0.94
11599,1
10258,0.92
8725,0.98
5385,0.96
17308,0.94
36582,0.96
8287,0.92
30409,0.88
19678,0.98
20021,0.92
35183,1
2966,0.98
29073,1
28203,1
38669,0.98
4521,1
22911,0.98
7160,1
17389,0.92
25085,1
26025,0.46
21104,0.94
20741,0.94
33675,0.98
31928,0.52
37260,1
31117,1
38062,1
40294,0.88
32566,0.96
32019,0.32
41156,0.92
31781,0.96
28701,0.92
13701,0.96
6698,0.96
1740,0.96
39648,1
19620,0.88
36370,0.94
37346,1
10399,0.78
20250,0.98
14921,1
574,1
40382,0.88
24046,0.94
36096,1
21433,0.94
30954,0.98
26959,0.98
17635,0.58
14134,0.96
2007,0.88
6174,0.94
12868,0.94
5235,0.46
11075,0.92
20785,0.62
40974,0.98
30790,1
31736,0.9
19051,1
15652,1
29512,1
24756,0.98
34651,0.92
7039,1
184,1
3369,0.98
29948,0.96
10675,0.48
30053,0.96
11427,1
16171,0.98
37028,0.98
13493,0.96
18506,0.98
19643,0.86
14990,1
30360,1
25139,1
13902,1
12642,0.9
11173,0.98
35041,0.98
38558,1
31593,0.88
23885,0.9
4231,0.92
32785,0.58
13293,0.52
11983,0.96
37259,1
12162,1
25329,0.98
11977,0.96
26903,0.94
5191,0.98
20342,0.96
20729,0.98
34772,1
23868,1
39898,0.52
7979,1
32533,1
26017,1
28175,0.98
23683,0.12
6341,0.92
13101,0.94
30494,0.96
22709,0.76
36559,0.88
31472,0.84
7192,0.92
12525,0.82
3657,0.8
31168,1
23040,0.36
31682,1
36769,0.94
23171,0.9
37563,1
33443,1
1964,1
32451,1
21300,0.98
18664,0.92
2205,0.94
11046,0.94
4355,0.98
36755,0.88
35818,0.98
4008,0.96
20899,0.98
3637,0.98
36261,0.92
16711,0.9
24873,0.88
8353,0.92
24178,0.78
13904,0.74
16106,1
37917,0.92
37596,1
26984,1
38616,1
20263,0.98
13803,0.38
16633,0.98
18566,0.98
37933,1
19846,1
7719,0.92
32272,1
34787,0.62
23303,0.76
29319,0.8
12092,0.96
27563,1
28173,0.98
23626,1
22141,0.88
13023,0.18
17075,0.98
40374,0.98
35809,0.98
27143,1
26348,0.78
29250,1
7562,0.26
37440,0.94
11134,0.96
40635,0.92
14531,0.84
13680,0.98
32447,1
33634,0.94
9234,0.98
31807,0.88
3401,0.98
26278,0.78
25904,1
20951,1
18816,1
37503,0.84
14529,1
23584,0.92
30442,0.92
12784,0.9
35859,0.82
27459,0.9
17997,0.98
27458,0.94
1693,0.82
27784,0.66
29835,0.56
34734,0.98
25136,0.92
18476,0.58
5925,0.74
14865,0.4
29956,0.9
36818,0.88
3436,0.98
28296,1
34806,1
3689,0.98
12008,0.84
8455,1
8505,0.62
21667,1
4960,0.98
22822,1
15787,1
30021,0.92
13721,1
33396,0.92
5904,0.6
23473,0.94
18871,1
36360,0.88
14579,0.98
2456,0.96
11508,1
29971,1
24598,0.9
12237,0.92
20404,0.88
2778,0.98
18152,0.96
33941,0.96
15234,0.92
6799,0.64
35195,0.86
3503,1
4545,0.88
20047,0.92
16497,0.92
26259,0.92
451,0.96
40781,0.98
20612,0.98
35284,1
24721,0.96
14034,0.92
10466,0.74
10818,0.98
6318,0.98
38519,0.38
8468,0.34
10992,0.98
18114,0.76
1681,0.96
12351,0.78
30480,0.9
7319,0.22
14797,0.26
29788,0.86
35138,1
37537,0.92
14820,0.84
670,1
28596,0.92
36969,0.88
39884,0.98
38623,0.92
39454,1
20742,1
39826,0.96
15389,0.84
11562,1
37974,1
14427,1
35765,0.76
31161,1
20964,0.46
32364,0.98
15488,0.64
9473,0.96
29218,0.96
36730,0.86
27260,0.82
5977,0.98
29935,0.7
5531,1
14700,0.96
13945,0.98
32930,1
20984,0.32
3439,1
21901,0.98
9001,0.98
28501,1
17915,0.24
40720,0.98
4057,0.88
39161,0.92
15654,0.98
13756,0.98
33097,0.92
20379,0.98
16581,0.94
12115,0.64
8292,1
762,1
37502,1
40161,0.94
31133,0.92
38607,0.36
306,0.98
4802,0.98
6233,0.96
13573,0.92
15402,1
5579,0.98
35221,0.94
35658,0.98
11383,0.96
3229,1
1462,0.62
18316,1
32295,0.52
3722,1
25430,0.12
28605,0.96
31349,0.92
21824,1
34933,0.98
23254,1
23896,0.9
23465,1
8667,0.64
37128,0.62
11359,0.96
30973,0.54
36069,1
37985,0.98
35958,0.9
36741,0.96
21679,0.5
7469,1
11270,0.98
9016,0.96
7627,0.92
40511,1
1715,0.86
40652,0.92
37243,0.98
22904,0.92
22884,0.92
19598,0.9
19258,0.96
26116,1
971,0.8
11813,0.98
34316,0.98
22364,0.92
22317,1
16155,0.96
1514,0.98
8602,0.86
28243,1
17972,0.96
1533,0.9
1712,1
1985,0.98
40667,0.96
13640,0.36
25685,0.98
464,0.96
28062,0.88
16566,0.98
7716,0.08
30501,0.96
27383,1
39813,0.92
4188,0.96
25362,1
24985,1
13251,1
3337,0.76
4451,0.84
6631,0.64
25375,0.9
8924,0.76
20646,0.96
8153,0.76
31272,1
15157,0.96
18018,1
18999,0.98
32775,0.98
18010,0.98
33224,1
18742,0.98
34314,0.98
7536,1
26937,0.98
3906,0.96
32563,0.72
8773,0.78
35215,0.96
6914,0.92
34629,0.98
38162,0.82
14626,0.98
8928,1
4863,1
33277,0.22
359,0.98
10923,0.98
7809,0.82
8376,1
14288,0.9
17082,0.94
38839,0.98
40510,0.66
23132,0.96
20457,0.72
29228,0.96
7237,0.72
7391,0.8
10574,0.92
15322,0.98
10493,1
12789,0.78
8221,0.96
14177,0.94
22394,0.88
16212,1
35925,0.98
10130,0.98
2034,0.94
1645,0.92
7047,0.94
30043,0.78
9446,0.96
9795,0.96
12694,0.98
29632,0.98
3669,1
24923,0.96
32484,0.26
27800,0.94
5936,1
10035,0.98
28687,0.98
11544,1
23843,1
7824,1
26964,0.96
23237,0.98
4476,0.96
40513,0.92
28238,0.84
39309,0.86
37805,0.96
2400,1
6638,0.68
22988,1
21532,0.86
4259,0.98
14553,0.52
23393,1
21499,0.98
7612,0.96
35397,0.82
4999,0.98
32020,0.96
18218,0.92
12252,0.58
25035,1
3046,0.92
9447,0.98
9851,0.86
28917,0.9
24531,0.94
33265,0.94
20824,0.64
36157,0.86
40108,1
11352,0.28
23503,0.98
28184,0.98
31320,0.96
9630,0.92
33989,1
9336,0.7
39350,1
7492,1
4656,0.98
4361,0.98
28048,0.82
10869,0.92
20600,0.94
24088,0.86
1248,0.98
12454,0.98
31910,0.5
12559,0.86
27388,1
14740,1
5486,0.94
20371,0.4
545,0.34
30425,0.9
4822,0.98
38788,0.86
26472,0.94
11299,0.96
4513,0.96
36644,1
5881,0.96
37696,1
13427,1
27917,0.98
6742,0.96
25466,0.98
10521,1
16516,0.96
40339,1
7175,0.64
38242,0.9
1394,1
39135,0.92
20632,0.66
34655,0.9
12142,0.98
18893,0.8
30032,0.94
13232,1
23495,0.96
31867,0.84
14142,0.98
15729,1
31259,1
38017,0.92
34549,1
13015,1
1241,0.98
802,1
8630,0.96
13332,0.98
38053,1
10017,0.2
21240,0.98
8737,0.98
32630,0.52
6974,0.58
22235,1
14866,0.14
28075,1
3413,1
22108,0.92
13245,1
9469,0.94
27222,0.96
35009,1
9846,0.8
13760,1
41132,0.7
4384,0.96
31414,0.96
344,0.98
14437,0.92
14547,0.98
11797,0.9
7912,0.96
31893,1
24428,0.72
28762,0.28
13909,1
15755,0.82
10292,1
23647,1
11020,0.8
17874,0.98
26521,0.5
22724,0.96
153,0.52
40806,0.74
8322,0.98
13453,0.94
37859,0.68
16378,0.94
28266,1
4045,0.4
238,0.96
1629,0.96
19527,0.86
766,1
5128,0.98
20022,1
28176,0.98
24396,1
5418,0.86
26003,0.96
18885,1
31878,0.96
25424,0.08
40271,0.98
16769,0.84
15118,0.92
29150,0.08
14207,1
37991,0.98
27936,0.98
4310,1
23710,0.98
20020,0.98
5208,0.76
36530,0.5
19045,0.92
18173,0.88
15181,0.96
19158,0.8
146,0.96
3825,0.96
2512,1
31817,0.98
742,0.98
5745,0.92
28919,1
28576,0.94
27493,0.96
26886,1
5488,0.98
31359,0.16
23965,1
2702,0.64
8168,0.88
4579,0.88
8987,0.9
24885,0.9
13484,0.94
30828,1
18280,0.78
39522,1
1222,1
38459,0.84
4587,0.96
34319,1
2525,1
5919,0.9
15054,0.3
27207,0.9
13899,0.94
16794,0.32
8634,0.9
24732,1
30380,0.84
17546,1
3552,0.84
28137,1
3143,0.94
40622,0.8
20664,0.62
14098,0.98
10836,0.98
13579,0.98
19904,0.7
14108,0.94
18442,0.94
27291,1
37172,1
15085,0.98
21734,0.78
2065,0.98
25025,0.74
35452,0.92
281,0.84
29738,1
39836,0.32
9537,0.96
26262,0.58
3936,0.98
18484,1
38745,0.94
14262,1
8748,0.98
40034,0.68
15849,1
11008,1
27271,0.96
652,1
16435,0.98
32005,0.82
19916,0.94
5956,0.98
36895,0.9
19730,0.96
6649,0.88
26008,0.96
1774,1
1605,1
10270,0.84
38855,0.96
33364,0.98
19498,0.98
1765,0.94
37401,0.88
30282,0.96
16664,0.94
21340,0.9
10356,0.98
16314,0.58
39403,1
35740,0.82
28396,1
15369,0.96
27952,0.96
21227,0.98
28797,0.92
22847,0.96
8531,0.9
3106,0.96
5913,0.46
22707,0.86
22913,1
22556,1
18754,0.98
20935,0.98
32142,0.86
2973,1
30547,0.92
6836,0.9
26922,1
28872,0.9
1657,0.98
24266,0.96
12560,1
30,0.94
30663,0.72
29892,1
1260,1
16835,0.98
20486,0.98
20542,1
40114,0.96
34851,0.78
40485,0.96
40620,1
7259,1
37065,0.94
34758,0.98
22802,1
37484,0.78
30695,0.94
40091,0.9
6203,0.94
7472,0.86
9183,1
19809,1
30505,0.96
14601,1
37916,1
16008,0.92
7470,0.74
3105,1
9581,0.98
12002,0.9
39924,0.42
32750,0.62
11695,0.7
39346,0.98
18439,1
13120,0.68
34737,0.94
1820,1
13462,0.94
27841,0.94
11772,0.98
18948,0.98
23654,0.96
19758,0.98
29031,0.98
34889,0.78
13435,1
33693,0.94
10600,0.96
40378,0.54
19347,0.98
32824,0.86
15540,0.74
36447,0.74
35079,0.94
32623,0.56
25416,0.9
41006,1
11254,0.42
1145,1
12886,0.98
38041,0.94
6300,0.96
24095,0.56
37907,1
31368,1
6212,0.98
14455,1
29621,0.58
30311,1
26717,1
34934,1
24503,0.98
4301,0.98
23482,0.9
30374,0.9
31500,0.98
39023,0.04
7258,0.92
9566,0.98
23586,0.88
10009,0.92
38299,0.88
30108,1
37516,0.98
29589,0.98
33957,0.98
13731,1
40337,0.86
36062,1
40072,1
39526,1
8486,0.86
39821,1
3993,0.96
25561,0.98
10855,0.96
1121,0.96
20016,0.4
31683,0.96
35732,0.96
35101,0.92
14955,0.98
24526,0.92
4699,0.98
23663,0.88
27040,0.8
20516,1
21735,0.84
24207,0.66
22567,0.94
4962,0.98
18755,0.98
23169,0.88
20358,1
35973,0.44
19637,1
31417,0.72
27286,0.96
33729,0.94
27494,1
27087,1
25146,0.98
37231,0.84
27781,0.98
2887,1
23184,0.96
18607,0.86
24041,1
17253,0.94
792,0.84
23853,0.96
12879,1
17124,0.32
28009,0.98
40007,0.94
13633,1
36413,1
4896,1
16778,0.98
13070,0.98
32042,0.94
22039,0.94
21355,1
4275,0.92
7738,0.94
37088,0.8
25301,0.86
40866,0.98
7425,0.9
19623,0.98
12575,0.4
10091,0.94
18175,0.96
36025,0.98
163,1
7233,0.92
28470,0.3
17085,1
27492,0.92
18640,0.92
23332,1
27578,0.86
16325,1
38310,0.84
29719,1
5428,0.58
14282,0.96
10056,0.3
16154,0.92
5764,0.96
27576,0.98
19141,0.88
34212,0.94
16338,0.28
27799,0.98
38452,0.74
14854,0.64
25506,1
26514,0.94
21733,1
29475,0.98
7005,1
35208,1
8357,0.96
33308,1
1742,0.9
37021,0.98
22874,1
4059,1
40473,0.98
32806,0.94
25849,1
26599,0.58
34679,0.68
8179,1
2790,1
18331,1
4607,0.74
4480,0.24
14833,1
11976,1
10669,1
9804,0.92
18499,0.92
19181,0.98
29824,0.94
30426,0.98
15737,0.62
15622,0.94
4819,0.98
3259,0.86
22109,1
17270,0.92
2654,1
4786,0.96
11318,0.88
41179,1
39949,0.98
12152,0.36
14267,0.88
22771,1
8127,0.98
25575,0.96
26081,0.94
21970,0.94
14476,0.66
16293,1
14213,0.98
1688,0.98
6264,0.92
35008,0.54
8107,0.9
15252,0.94
35116,0.84
27999,1
24348,0.96
24761,1
2292,0.96
35419,0.8
2195,1
8186,0.88
34146,0.98
39195,0.94
19755,0.98
4244,1
19493,0.96
12415,0.98
39067,0.94
30447,1
14135,0.98
13085,1
7012,1
26352,1
9589,0.98
25276,0.36
2657,1
26036,0.98
3745,0.82
2343,0.82
3836,0.94
23270,0.98
20418,0.78
32767,0.96
22997,1
10536,0.96
26042,0.14
14484,0.52
23889,0.96
230,0.98
13616,0.8
26313,1
19549,0.98
11865,0.96
7082,1
39290,0.24
27660,0.98
40472,1
17010,1
4311,0.9
20723,0.78
28317,0.98
31244,0.44
34843,0.96
1664,0.4
22093,0.94
30078,0.52
2890,0.86
7068,0.92
21742,1
17042,1
19108,0.52
35861,0.96
1799,1
35014,0.98
17682,0.92
30267,0.78
34526,1
9057,0.96
37100,0.9
16344,0.98
25497,0.86
6990,0.98
2214,1
24933,0.46
35268,0.92
33569,0.98
36637,0.96
30578,0.98
39007,0.98
8889,0.28
16303,0.96
35396,1
18425,1
28439,0.68
30860,0.4
191,1
36471,1
956,1
21820,0.9
1525,0.96
1451,1
1756,0.98
7609,0.98
17511,0.76
30140,1
29973,0.96
14800,0.68
13443,0.94
7969,0.98
9823,0.94
33807,1
11033,0.22
28188,0.74
29089,1
8330,0.88
19524,0.76
9773,1
27518,1
8628,0.98
30742,1
38102,0.78
35179,1
35764,0.9
29387,1
26420,1
14016,1
8296,1
18120,0.98
38366,0.76
27195,0.72
21963,0.86
9267,0.36
7225,0.74
25526,0.94
38637,0.94
31803,0.52
16975,0.98
20004,0.96
28189,1
10226,1
278,1
1189,0.98
4630,1
31848,0.52
34159,0.7
38774,1
9884,1
28618,1
10829,0.88
26202,0.58
30272,1
40537,0.24
30606,0.92
32982,1
9135,1
30903,0.98
39846,0.98
270,1
3156,0.84
16426,0.98
40666,0.98
27347,0.4
35690,0.96
34064,0.96
38464,0.56
17538,0.98
26709,0.92
28950,1
36714,0.9
34046,0.92
10973,1
36123,1
39981,1
30400,0.94
24011,0.78
30486,0.98
29153,0.94
886,0.94
26133,0.94
40609,1
17403,0.96
38478,1
31007,0.88
12596,0.98
5226,0.58
8325,0.84
26193,1
12979,0.98
19547,0.98
20435,0.92
3681,0.92
30728,0.58
15944,1
27704,0.08
6356,0.94
40570,1
18599,0.68
19154,0.96
33959,0.62
33540,0.94
2432,0.96
2194,0.22
20594,0.98
37964,0.92
12080,0.88
10786,1
14256,1
37116,0.96
5479,0.9
14239,0.58
34887,1
26725,1
8501,0.86
6453,1
29462,1
31966,1
30589,0.96
32854,0.84
16042,0.94
12186,0.9
11108,0.3
39772,0.68
22131,0.9
2030,0.98
23440,0.96
39874,0.96
16387,0.88
14365,0.38
5032,0.78
14524,1
7955,1
34918,0.94
31651,0.88
32518,1
35214,1
40852,0.64
17878,0.92
22982,0.98
27614,1
27865,0.96
35282,0.78
11606,1
1730,1
29713,1
30623,0.92
15190,0.96
4947,0.96
19121,0.94
37700,0.98
23817,0.88
3618,1
10065,1
19163,0.1
39564,0.98
38631,0.94
31147,0.96
18722,0.94
40893,0.38
27478,0.86
9873,0.98
34555,0.84
22492,0.78
26134,0.96
33290,0.98
20914,0.9
6568,1
29388,1
40346,0.76
35619,0.92
5728,0.98
30020,0.96
14397,1
8788,0.96
10937,0.98
7998,0.98
24574,0.98
24060,0.9
7480,1
16740,0.56
6800,1
38416,0.92
40923,0.92
13301,0.98
8138,0.9
14234,0.98
28634,0.98
38845,1
36266,1
35997,0.98
18189,0.96
11413,0.9
39887,0.92
33833,0.96
32843,0.86
8875,0.94
39745,0.54
18342,0.98
39120,0.98
13002,0.92
6334,1
28471,0.7
10532,1
7289,0.98
13141,0.8
36638,0.96
4623,1
24314,0.66
18756,1
31303,1
19725,0.86
6031,0.98
31760,0.88
13538,0.94
14418,0.96
892,0.58
13104,0.98
29161,1
40127,0.94
11105,0.98
2511,0.98
5259,0.94
23959,1
5124,0.84
24053,0.98
7943,0.86
26688,0.86
38521,0.98
31722,0.82
27632,0.96
38280,0.98
31078,0.56
7471,1
11958,0.28
11235,1
18452,0.88
23570,1
25603,0.84
1481,0.92
12977,1
2536,0.96
10393,0.9
37205,1
52,0.98
39847,1
5313,0.92
25654,1
12959,0.96
27979,0.96
17750,0.94
28250,0.98
20094,0.4
11012,1
1415,0.88
6421,0.98
18087,1
30003,0.98
4318,0.88
18071,0.98
24685,0.96
31533,1
19377,0.96
19735,1
29078,0.98
12805,0.46
32470,0.96
29390,0.98
23836,0.94
38391,0.88
11986,0.96
31489,0.94
37058,0.98
23705,0.42
21479,0.98
39594,0.8
4765,0.68
13830,0.76
22182,0.88
9024,0.94
29855,1
1429,0.98
39216,0.96
15113,0.98
28239,0.94
33580,0.84
33894,0.86
16893,0.88
11878,0.76
6656,1
35573,0.96
37011,0.96
4349,0.88
11901,0.98
19925,0.98
34004,1
26882,0.88
648,1
29057,0.98
23153,1
6213,0.96
11211,1
38867,0.92
27175,0.96
31297,1
19070,0.98
11364,0.94
37748,0.94
3123,1
26545,0.96
2134,0.92
6416,0.9
35794,0.9
36184,1
32810,1
40962,0.94
33815,0.9
34769,1
10028,0.94
11265,1
8144,1
28354,0.98
10153,1
549,0.84
32137,0.9
18539,1
2464,0.66
39139,0.22
20801,0.72
11308,0.96
16676,0.94
8479,1
17507,1
40040,1
33611,0.64
14342,0.84
25969,0.84
34638,0.98
16094,0.88
22799,1
34252,0.98
23717,0.92
21708,1
32905,1
1902,0.7
3958,1
5468,0.64
29823,0.4
7271,0.96
27473,0.92
14063,1
1592,0.96
17892,1
33875,0.96
39159,0.84
7353,0.92
11497,0.68
5739,1
23996,0.96
2224,0.96
31678,0.96
20719,1
8632,1
33335,1
7665,1
8853,0.94
24146,0.68
20394,0.68
34485,0.84
39513,0.86
39209,0.98
39298,0.7
2204,0.68
40227,0.68
38333,0.96
17332,0.98
6423,0.98
24987,0.98
28406,0.94
33499,0.82
13220,0.3
10392,0.92
16987,0.98
36038,0.94
4461,0.56
40669,1
25051,0.96
29884,0.98
1312,0.94
22679,1
10381,0.92
2277,1
30627,1
14746,1
875,1
11147,1
40654,0.98
33961,0.98
15751,0.96
10086,1
18154,0.98
3747,0.8
19326,0.98
24801,0.92
17257,1
14670,0.96
17119,0.98
33267,1
1882,0.96
25838,0.98
32756,0.98
928,1
5761,0.9
18427,0.14
3258,0.98
15641,0.94
9573,1
29157,1
4175,0.98
2114,0.84
22324,0.94
21731,0.92
2265,0.68
14248,1
1105,0.96
4018,1
39420,0.88
16244,0.66
20209,0.94
25819,1
36363,0.88
4758,0.74
34464,1
13315,1
15824,0.94
19826,0.6
9155,0.92
26895,0.86
7170,0.62
36068,0.98
34094,0.72
6380,0.38
17301,0.98
35157,1
40616,0.96
7462,0.96
36073,0.98
28192,1
21044,0.32
31994,0.96
14360,1
14574,0.98
10375,1
19746,0.94
6998,0.86
39923,0.86
34493,0.96
30139,0.94
14984,0.62
38820,1
14956,1
26434,1
33733,1
12015,0.9
3016,0.98
36936,1
19823,1
23678,0.98
36158,1
4956,0.98
7543,0.96
30539,0.94
11607,0.6
37556,1
8011,1
5439,0.46
11087,1
36814,0.94
40819,1
30684,1
22868,0.48
12938,0.96
5639,0.9
34822,0.9
28672,0.98
33418,0.92
17341,1
3065,1
19066,0.86
25735,0.4
8268,0.44
6420,1
29801,0.98
20297,0.34
35088,0.98
26453,0.98
19203,0.98
623,1
13297,0.98
30675,0.86
28754,1
3283,0.9
26220,0.14
15987,0.98
808,0.9
12470,1
18254,0.86
27790,0.84
8658,0.54
34339,0.94
19026,0.96
33185,0.92
9025,0.88
14278,1
15249,0.4
5920,0.68
11219,0.9
22779,0.94
28201,0.8
24653,0.72
41027,1
28101,0.98
39252,0.96
9621,0.94
15093,0.96
36654,0.96
31626,0.96
24039,0.76
9938,1
24009,0.98
38050,0.9
17986,0.9
22155,1
5633,1
20770,0.96
3510,0.96
34266,1
38964,0.82
27017,1
19704,0.64
37569,1
32725,0.98
23083,0.98
21110,0.98
11733,1
22418,1
31907,0.52
1218,0.98
4367,0.66
37764,0.96
11548,0.74
23510,0.98
36692,0.96
8021,0.9
6298,1
21090,1
5245,0.88
28494,0.74
21604,0.98
13282,0.8
9895,0.98
7463,0.36
4184,1
22110,0.3
19536,1
24586,1
1347,0.6
4418,0.9
40795,0.92
35880,0.68
9915,0.62
39727,0.94
26239,0.94
40186,0.88
21774,0.98
26837,0.96
25778,1
35845,0.46
39758,0.98
30456,0.98
2351,0.94
32978,0.4
15424,0.92
24343,0.98
26361,0.76
5494,1
28763,0.9
19724,0.86
27188,0.96
22589,0.96
40366,0.96
38199,0.88
21990,0.96
3819,0.96
13533,0.46
19830,1
39288,0.96
33579,0.86
5986,0.94
85,0.94
13919,0.92
17474,0.98
9833,0.82
14035,1
40005,1
24476,1
29282,1
24828,0.7
27083,0.96
34340,1
4071,1
2089,0.94
15474,0.08
31015,0.98
33735,0.86
1545,0.98
36455,1
36537,0.28
22727,0.88
5117,0.96
25739,1
39081,0.96
38796,0.96
30395,0.94
35728,1
17284,0.72
34033,0.98
38841,0.42
14871,1
5230,0.94
34268,0.98
12419,1
28306,1
24665,0.96
33095,0.66
37238,0.62
22966,0.98
9216,0.94
15636,0.98
30202,0.98
29793,0.96
6468,0.98
40279,1
1319,1
33161,0.98
36002,0.98
33011,0.96
29760,1
14675,0.64
6163,0.82
8048,0.94
36746,0.74
17491,0.88
18974,0.98
25159,0.8
15400,0.9
34602,0.1
20188,0.98
34964,0.94
24601,0.72
1264,1
27571,1
34535,1
33992,1
23258,0.9
2133,0.96
2942,0.9
8952,0.98
12329,1
8566,1
12266,0.9
29850,0.68
25667,1
25180,0.94
26746,1
1288,1
34185,0.7
24854,0.34
31492,0.96
13618,0.98
3441,0.46
30749,1
18747,1
23670,0.82
22708,0.98
6939,1
35422,0.86
3659,1
28886,1
2893,0.96
2783,0.98
31498,0.5
35520,0.98
35270,0.96
2952,0.48
39339,0.32
25119,0.96
1808,0.98
8940,1
11347,1
31838,0.92
29403,1
35151,0.86
28299,0.94
2564,0.9
4142,1
19038,1
34022,0.18
29623,0.98
22055,0.82
27483,0.26
21764,0.96
17529,0.96
14317,1
32251,0.94
31856,1
23322,0.88
4546,0.94
18730,0.88
4689,0.98
5300,0.98
26086,0.94
20155,1
34945,0.96
29827,1
15262,1
32652,1
15080,0.86
13917,0.92
22872,1
25260,0.92
19329,0.88
577,0.56
1815,0.98
25657,0.76
35964,0.96
32851,0.6
25004,0.96
6868,0.98
25827,1
9351,0.94
22014,0.92
39871,0.38
25439,0.7
19652,0.96
19819,0.92
27150,0.98
35106,1
38734,0.98
30186,0.6
4601,0.92
34173,0.94
3175,0.98
5825,0.96
6630,0.9
35524,0.76
35561,0.92
8960,0.98
31336,1
790,0.98
32078,0.78
30473,1
32475,0.9
38142,0.96
28681,0.98
30847,0.24
3373,0.92
27850,1
22450,1
21478,0.88
28488,0.96
10490,1
13323,0.64
28788,0.94
6981,0.8
29295,1
3725,0.98
33102,0.88
40559,1
6378,1
11081,0.96
40869,0.98
21442,0.94
2812,1
14953,0.9
12190,1
25059,0.98
13958,0.84
2633,0.96
8100,1
29681,1
36310,0.82
5187,0.68
31671,1
34798,0.84
4144,0.96
31623,0.98
9040,0.98
237,0.92
1066,0.74
17991,0.66
11517,0.76
9368,0.98
8378,0.98
867,0.84
13174,1
39860,1
34201,0.98
3313,0.42
26395,0.94
3671,1
958,1
4077,0.98
9516,0.86
32061,1
1614,1
25660,0.98
25563,0.64
24044,0.72
13602,0.84
9627,0.88
9840,0.34
26407,1
36813,0.72
3879,1
6020,0.84
33470,0.94
23138,0.84
12529,0.98
10116,0.94
38904,0.4
6442,0.76
2990,0.96
26459,0.8
12395,0.98
5476,1
9288,0.52
14249,0.8
473,0.96
3903,0.98
23662,1
23930,0.96
26373,0.32
23903,1
20645,1
2968,0.96
35357,0.82
13127,0.92
18434,0.9
13766,0.98
17441,1
469,1
9866,0.68
313,0.86
9899,1
18146,0.9
30610,0.9
29496,0.94
32847,0.96
15478,0.02
14883,0.94
6817,0.98
28666,0.96
35581,0.88
15354,0.98
14117,0.96
13197,1
9165,0.24
14410,0.9
11877,0.96
35701,1
17189,0.98
11554,0.9
2484,0.24
10380,0.96
28484,0.98
23563,0.94
34670,0.96
27255,0.78
24943,0.92
20576,0.22
25354,0.82
24861,0.96
27692,0.96
4576,1
15484,0.96
843,0.98
6461,1
37118,0.98
26875,0.98
36027,1
30724,1
10098,0.98
3137,0.9
37392,0.68
12963,0.98
19296,1
18447,0.5
10286,0.74
383,0.9
36424,0.86
35416,1
27092,0.84
28220,1
24410,0.96
32846,0.98
25109,1
38575,0.98
13485,0.94
9847,0.96
19184,1
16309,0.86
40583,0.94
19727,0.98
12476,1
14640,0.86
34017,1
9824,1
16374,0.94
16144,1
13813,1
37592,0.96
11002,1
19505,0.98
1709,0.94
503,0.98
7454,0.98
22828,0.66
19917,0.9
10555,0.98
5144,0.8
20877,0.48
40341,0.94
25262,1
15529,0.76
27027,0.96
36245,0.98
23128,1
4711,0.74
35372,0.86
39355,1
13107,0.94
21490,1
17460,0.84
21233,0.98
16853,0.84
8703,0.96
35804,0.94
40728,0.9
32497,1
14231,1
38465,0.86
31175,0.96
959,1
26426,0.98
27273,0.92
31032,0.98
5345,0.98
28874,0.54
4364,0.92
32809,0.96
19231,0.88
29877,0.98
7236,0.98
3112,0.94
3448,0.94
10903,0.82
11112,0.26
8504,0.96
19387,0.92
11151,0.98
31467,0.96
24296,0.92
30962,0.94
37067,0.98
14216,1
1848,0.76
15451,0.64
16592,1
29661,0.98
34410,1
12417,0.96
7747,0.96
19972,0.98
34832,0.94
15759,1
922,0.42
13391,0.92
33474,1
26392,0.22
30429,0.78
31872,0.78
35500,0.66
9580,1
38187,0.92
853,0.92
11807,1
9139,1
32542,0.86
12782,0.72
5901,0.72
36641,1
4950,1
25860,0.96
39862,0.88
4447,1
28018,0.94
23114,0.98
5615,0.56
5585,1
31170,1
28830,0.9
16505,0.92
15289,1
20238,0.96
13185,1
32771,1
7203,0.34
1687,1
28335,0.1
2957,0.96
12593,0.74
20529,0.9
17756,0.72
29904,0.92
7551,0.74
13714,0.98
5454,0.92
29236,0.98
16823,0.98
39398,0.98
10554,0.98
11773,0.84
17605,1
16098,1
26386,0.94
39076,0.98
3844,0.94
18972,1
14433,0.94
3685,0.98
8558,0.9
38494,0.34
22628,0.98
17037,0.4
28044,0.96
23163,1
22881,0.96
9004,0.98
11467,1
32534,1
12486,0.94
5377,0.1
1880,1
19332,1
39578,0.98
32450,1
3495,0.98
19984,0.44
4266,1
34508,1
13852,0.98
14219,0.92
37530,0.88
31458,0.98
19612,1
1033,0.14
33730,0.08
8116,0.6
16816,0.46
8817,1
1068,0.96
59,0.64
37539,0.58
11527,1
12972,0.96
582,0.92
18086,0.94
26760,0.68
26827,0.98
7643,0.98
34295,1
31992,0.88
15383,0.76
38683,0.38
41028,0.98
26172,0.98
24717,0.56
18949,1
10541,1
1662,0.64
40112,0.94
24461,0.78
20509,0.94
22184,1
13956,0.26
14421,0.96
9080,0.52
21314,0.9
13843,0.98
12114,0.92
5888,0.94
28996,0.7
9817,0.92
26248,0.78
22659,0.92
18624,1
8106,0.88
32394,0.98
21112,0.94
41058,0.98
1866,1
13111,0.22
24142,1
7790,1
1423,1
3570,0.86
15935,0.94
2584,0.48
20126,0.98
6859,1
1370,0.9
23105,0.88
1116,0.8
19910,1
4200,0.42
3739,0.86
15802,0.98
900,1
8512,0.96
12619,0.98
22648,1
38546,1
28031,0.52
4621,0.88
30465,0.98
37219,0.98
12712,0.96
24729,0.9
35734,0.96
19322,0.92
3878,0.96
13845,0.88
17836,0.96
16386,0.94
25610,1
36857,1
32442,1
23701,1
33134,1
40140,0.96
24151,0.92
6066,0.98
17263,0.98
32347,0.96
29741,0.96
5866,0.96
36146,0.98
31516,0.92
10110,0.72
11438,0.68
39005,0.94
7296,0.98
33452,0.98
6381,0.96
11742,0.96
20793,0.96
39948,1
19420,1
9049,0.88
21225,1
40649,0.98
31260,0.94
22209,1
26784,0.96
24813,0.98
26483,1
12122,1
21813,0.98
20117,1
2180,1
32818,1
659,1
3343,0.96
23957,0.94
11326,0.94
5422,0.88
11969,0.48
726,0.98
21528,0.94
38502,0.98
8270,0.94
29977,0.86
34063,0.98
4189,0.94
39064,0.92
24944,1
32612,0.96
11539,1
19653,0.92
22231,1
19922,1
19256,0.94
24398,0.92
11751,0.96
15894,0.84
21408,1
25186,0.72
29305,0.98
29459,0.98
5783,0.68
37378,1
5267,0.5
30327,0.96
5902,0.96
21197,0.9
1471,0.56
16616,1
12731,0.94
37982,1
7508,1
7548,1
18139,0.98
32286,0.38
33318,0.9
3154,0.68
18625,0.92
34689,0.98
31312,1
15794,1
5473,1
19957,0.98
8729,0.94
1207,1
38757,0.98
29542,0.94
33455,1
25480,0.94
7799,1
36742,1
27172,0.92
35708,1
6173,0.9
38842,1
11943,0.48
5961,0.94
3133,0.28
3282,0.66
31150,1
24521,0.56
32947,0.96
30276,0.8
26256,0.96
30448,0.78
20743,0.88
20198,0.56
23359,0.92
30300,0.98
8783,1
12674,0.98
13844,1
41122,0.94
35875,1
38939,0.88
34086,1
23366,0.98
967,0.98
33595,0.98
21328,0.52
36751,0.98
33887,0.4
13003,0.92
75,0.68
9781,1
32473,0.58
26749,0.78
34885,0.98
18475,0.78
4023,1
6106,1
40759,0.92
19397,1
4561,0.9
7714,1
20595,0.96
20802,0.72
33975,0.94
7051,1
5948,1
39879,1
27501,0.8
23218,0.92
38409,1
34627,0.96
21982,0.96
36219,0.88
28094,0.92
1331,0.98
1209,0.3
19424,0.98
21554,1
2595,1
16112,1
22601,0.92
31998,0.9
31860,0.96
18100,0.96
39091,0.96
25062,0.96
28682,1
25220,0.94
31301,0.96
8312,0.94
18994,0.96
33336,1
13614,0.96
10031,0.9
19638,1
5665,1
15657,0.86
2982,1
455,1
26640,0.8
26588,0.92
32393,1
13927,0.2
3454,0.88
18214,0.94
31749,0.94
13693,0.98
23174,0.98
38763,1
30437,0.86
40462,1
18518,0.96
36339,0.62
8425,0.84
33548,0.82
22156,1
40554,0.92
10029,0.9
15343,0.96
18833,0.98
10579,0.96
38450,0.16
40217,0.96
17159,0.54
4,0.74
12139,0.86
14841,0.66
29785,1
7503,0.98
28914,0.98
36587,0.98
38840,0.98
29205,0.26
29350,0.94
27064,1
6479,0.96
31196,0.98
32038,1
6286,1
483,0.6
10959,0.82
19799,0.9
10145,0.92
6344,0.9
14027,0.76
18846,0.98
29059,0.68
30897,0.94
16705,0.98
22940,0.76
31276,0.98
2177,0.42
7962,1
10233,1
17040,0.98
27867,1
35104,0.92
33541,0.8
18332,0.74
13932,0.8
8371,0.96
23865,0.96
24436,0.98
15126,0.9
27264,0.36
14044,0.96
35722,0.98
14442,0.96
15748,0.92
33204,0.94
30997,0.66
11897,0.92
1602,0.66
4715,0.88
23168,1
34516,1
442,0.18
9366,1
456,0.88
29406,1
24843,0.9
15147,0.58
7571,0.9
16133,0.88
32227,0.96
177,0.84
9142,1
21823,0.98
23801,0.9
22729,0.98
32231,1
16384,0.96
15981,1
13768,1
13817,0.12
38736,0.3
3370,0.94
18314,1
5889,0.98
6218,1
6739,0.98
19270,0.38
4731,1
24388,0.82
24114,0.9
37825,0.96
26474,0.62
30587,0.98
8494,0.86
22421,0.96
35223,0.32
6055,0.46
11418,1
14357,0.7
31291,0.9
30917,0.8
33507,0.98
25570,1
35779,0.52
27776,0.22
22640,0.96
37654,0.92
6521,0.94
31126,0.96
27114,0.98
29331,0.4
36683,0.98
35125,0.94
3159,1
331,0.98
21050,1
20775,0.86
5346,1
39608,0.6
24273,1
31026,1
11290,0.86
12552,0.98
19858,0.98
25217,0.94
27817,1
10941,0.9
5318,1
1505,0.98
30259,0.92
40553,0.94
37940,0.98
9533,0.86
40465,1
40253,0.96
36368,0.94
16695,1
17761,0.92
25409,0.94
5805,0.26
658,0.84
6038,1
32764,0.78
40118,0.16
5333,0.84
25550,0.94
40925,1
23830,1
17608,1
36449,0.98
4793,0.98
1114,0.96
25227,1
7764,0.98
1501,0.94
26946,0.92
31725,1
21349,0.98
7303,0.98
26495,0.96
2234,0.98
3417,0.94
10190,0.96
7938,0.96
12261,1
36337,0.72
35072,0.96
9472,0.96
26506,1
21531,0.94
4073,0.32
18658,1
5578,1
635,0.92
20472,0.96
1439,0.94
4199,0.9
39333,1
16570,0.96
18989,1
27722,0.94
5567,0.88
37441,0.96
11482,0.98
27690,1
40157,0.92
4875,1
38790,0.96
35039,0.9
35261,0.9
32404,0.86
35946,1
35572,0.9
18019,0.98
32397,0.94
15008,1
27206,0.94
33276,0.86
14555,0.94
31395,1
4371,1
40970,0.64
8635,0.88
3565,0.9
23199,0.96
9218,1
1791,1
12948,0.92
6394,1
23272,0.72
39932,0.28
30163,0.98
34327,0.26
2147,1
33217,0.94
25042,0.94
40050,1
17920,0.52
18728,0.86
34158,0.88
7853,1
769,1
22523,0.36
36000,0.94
36293,0.98
28449,1
7028,1
38731,0.96
28683,0.98
40911,0.82
5493,1
3915,0.98
31545,0.2
29783,1
37698,0.96
25523,0.06
32435,0.9
24254,0.86
22239,1
35404,1
18564,0.98
40578,0.44
40104,0.94
25121,0.98
25828,0.94
14078,1
29989,1
40322,0.36
29301,1
7617,0.9
1344,0.96
21383,0.98
6740,0.98
12375,0.96
22298,1
27013,0.98
1397,0.9
29526,1
10323,0.94
27466,0.82
32267,0.94
25697,0.96
27993,0.78
10095,0.12
13554,0.86
10124,0.96
9085,0.98
10571,1
24339,1
34702,0.86
22653,0.38
11568,0.82
26682,1
23997,0.94
28465,0.18
16947,0.98
39508,0.9
24448,1
879,1
24932,0.88
33811,0.98
7249,1
28307,0.96
10819,1
12612,0.98
2861,1
35400,0.88
34514,0.88
16895,0.88
19236,0.96
6225,1
12503,0.98
40505,0.96
20220,1
2800,0.34
3316,0.84
651,0.76
6265,1
19238,0.98
11486,0.98
13712,0.86
30715,0.98
8240,0.6
2278,0.9
4066,0.94
30521,0.96
7176,0.88
6783,0.98
876,1
33781,0.86
4933,0.96
24469,1
32673,0.62
14082,0.92
612,0.94
14927,0.36
2308,0.56
7754,0.88
27766,1
31809,0.98
33709,0.9
37051,0.82
17203,0.96
23976,1
38876,0.9
37165,0.96
26669,0.98
1217,0.8
13118,0.98
17250,0.98
16035,0.98
16708,0.94
38314,0.9
3620,0.94
17298,1
13933,0.9
5647,0.94
20830,0.64
30654,1
5648,0.98
31847,0.7
31230,0.36
18320,0.98
33662,0.78
10050,0.84
14550,0.3
38998,0.92
8160,0.34
20445,0.98
37013,1
20063,0.98
27403,1
8537,1
17026,0.98
29214,0.34
32613,1
40864,1
16043,1
19865,0.96
2046,1
1584,0.92
5281,0.98
10221,0.98
7554,0.98
9536,1
35584,0.92
32550,0.94
103,0.96
10125,0.92
898,0.9
9788,0.88
14594,0.98
13646,0.74
37803,0.42
24539,1
26515,0.98
22462,0.9
26015,0.98
526,0.86
23143,0.62
3863,0.98
38531,0.58
10012,0.98
23247,0.86
15378,0.98
27886,0.44
32901,1
30609,0.9
7812,0.72
31229,0.6
41099,1
9797,1
27485,0.94
3325,0.68
5726,0.98
35383,1
36211,0.98
38646,0.66
23945,1
15158,0.98
24762,0.98
9312,0.94
36869,0.94
31083,0.78
15132,0.92
39717,1
7320,0.98
3876,0.8
30231,0.92
10811,0.76
7772,1
21578,0.86
30352,1
28285,1
6256,0.96
12379,0.92
18734,1
2210,0.94
13629,0.92
25058,1
27028,0.64
29612,0.94
11795,0.96
39565,1
7939,0.84
20078,1
6177,0.98
4262,1
11449,0.96
24295,0.74
2740,0.98
35461,1
8518,0.92
11053,1
19764,0.98
13840,1
40204,0.86
8679,1
22106,0.96
40355,0.98
20973,1
17147,1
10926,1
23449,0.98
23058,0.82
19044,0.24
2818,1
28294,0.94
14265,0.96
1566,0.9
10987,0.98
22057,0.88
15012,1
35299,0.98
40987,0.24
2409,0.98
20077,0.94
7842,0.98
24078,0.5
31428,1
30989,1
10320,0.98
11069,0.98
31038,0.94
29238,1
25043,0.98
10139,1
8293,1
37055,0.92
11566,0.6
24305,0.98
12666,0.48
32374,0.98
23146,1
19302,1
34497,0.96
2618,0.92
28864,0.94
29866,0.98
15739,1
9959,0.84
18078,0.98
15905,0.98
30748,0.96
15603,0.8
19213,1
12372,0.94
16709,0.98
1280,0.36
37185,0.92
2480,1
41089,0.98
1,0.98
24636,0.9
1167,0.98
20621,0.98
31031,0.8
6107,1
4646,0.86
29155,1
30892,1
9937,0.94
39639,1
25741,0.76
37124,0.76
35023,0.74
19029,0.98
19192,0.54
7086,1
15362,1
27717,0.98
38641,0.94
1655,0.98
9114,0.96
31082,0.86
34299,0.96
22284,0.98
16173,0.96
26771,1
39766,0.96
16927,0.96
30103,0.94
8693,0.9
29265,0.98
6982,0.88
37314,0.88
24234,0.96
33240,0.98
7443,0.98
7478,1
37415,0.84
7949,0.32
35142,0.92
14116,0.58
5068,0.98
17132,0.94
29298,0.78
5302,1
11142,0.98
3263,1
39156,0.88
30882,0.92
20459,0.76
19700,0.98
40354,0.88
25642,0.92
5448,1
38967,1
39912,1
38755,0.56
33089,0.88
12309,0.98
38262,0.28
9800,0.88
24989,0.98
19870,0.96
20405,0.72
34999,1
2415,1
15499,0.96
32974,0.98
39968,1
27438,1
10341,0.92
2726,0.42
40724,0.86
34817,0.88
23241,0.88
40001,1
33835,0.48
13894,0.56
37500,1
29012,0.96
24775,0.7
7919,0.88
21,0.88
19169,1
38530,0.96
24240,0.96
20582,0.96
490,1
20406,0.24
17747,1
38935,0.98
19847,0.9
14501,0.98
38980,0.96
7837,1
34402,0.98
33582,1
39133,0.98
18415,0.96
1536,1
33447,0.92
7905,0.92
37197,0.96
12509,0.98
32828,0.92
20527,0.8
25459,0.96
27559,0.9
31208,0.54
10349,0.98
1117,1
28056,0.94
14451,0.94
13872,1
11208,1
22545,0.74
16313,0.88
12561,0.8
40915,1
38117,0.8
37193,0.96
7096,0.82
13805,1
18984,1
8619,1
15637,0.94
30852,0.92
346,1
13556,0.86
1132,0.92
40028,0.9
33429,0.96
28776,0.94
6767,0.98
5822,0.88
8355,0.66
36079,0.92
14923,0.9
13076,0.92
17545,0.92
36804,1
17620,1
40030,0.94
7431,0.68
33362,0.98
8784,0.88
2918,0.92
9562,0.5
19683,0.92
37674,0.96
36723,1
6167,0.98
12537,0.98
2640,0.88
34114,0.1
17295,0.98
31577,1
1149,1
35688,0.84
29274,1
12648,0.8
9568,0.96
15070,1
15352,0.76
2377,0.18
28448,0.82
25201,1
39516,0.92
23336,1
11848,0.94
3553,0.86
6604,1
35743,0.96
31270,1
4093,0.98
34720,0.98
15757,0.94
21558,1
39722,1
10764,0.96
32140,0.98
5292,0.98
20857,1
28665,0.96
18153,0.88
28028,1
39697,0.94
37031,0.66
3933,1
37161,0.74
17646,0.72
35815,0.96
4906,0.22
21024,1
28536,0.94
2494,1
40336,0.96
28643,1
16675,0.9
34691,0.98
11325,0.9
33250,0.94
5715,1
32437,0.98
34401,0.8
3139,0.98
20693,1
18096,0.98
37122,0.92
23397,1
39800,0.9
494,0.98
33983,0.74
40933,0.86
40411,0.96
16291,0.72
16135,1
17337,1
30845,1
17126,0.96
32804,0.82
23821,0.64
32175,0.8
23234,0.98
23841,0.86
40068,1
3253,0.98
22227,1
35567,0.98
10805,0.9
31188,0.96
7537,0.84
4522,0.9
35276,0.94
30558,0.66
7701,0.96
37405,0.88
32699,1
15686,0.98
36276,0.94
17544,0.8
9920,0.56
7909,0.96
30926,0.98
33731,0.98
35265,0.34
6751,1
12256,0.94
37174,0.58
15288,1
434,0.98
23788,0.62
20690,1
5030,0.68
19403,0.98
35915,0.98
8198,0.98
8261,0.98
35201,0.72
21241,1
5463,0.9
37804,0.98
33516,0.98
16267,1
19502,0.9
16158,0.84
4777,0.84
4106,0.96
31310,1
36557,0.98
30613,1
17930,1
10755,1
8682,0.98
5981,0.94
32032,0.22
21369,1
18611,0.98
18431,1
28649,0.84
35066,0.98
1865,1
9816,0.98
12574,0.78
17953,0.98
39361,0.84
32220,1
4496,0.98
24068,1
4185,0.96
18456,0.2
22157,1
25204,0.98
6781,0.92
23888,0.98
9010,1
15493,0.98
17309,0.96
27891,1
33427,0.98
7803,0.9
26447,1
20468,0.86
38615,0.92
39867,0.46
5111,0.98
321,1
39997,0.98
31289,1
16726,0.78
1388,1
3409,0.9
15891,0.62
975,0.98
38673,0.98
13406,0.96
26031,1
16817,1
36565,0.94
32045,0.98
19265,1
33481,1
22199,0.9
11579,0.84
8690,0.9
37338,0.98
13401,1
10982,0.88
15202,0.88
23386,0.98
22358,0.9
38969,0.88
32855,1
2055,0.98
38219,0.78
32706,1
29871,0.96
1586,0.94
4563,0.98
21065,1
34615,0.9
39761,1
5716,1
8381,0.98
10150,1
18540,0.94
11065,0.74
12487,1
39894,0.68
32520,1
13743,0.96
14810,0.84
26897,0.76
25351,1
35633,0.96
5819,1
31045,0.96
11577,1
8283,0.96
27385,0.94
39872,1
36744,0.88
36274,1
3929,0.96
37962,0.6
8567,0.98
12786,0.92
2949,0.98
26137,0.8
6893,0.94
25833,0.62
32877,0.86
3031,0.94
36244,0.92
26825,1
41107,0.94
34420,1
30365,1
35406,0.98
27672,0.8
14828,0.86
12947,0.74
14877,0.82
31266,0.98
14225,0.92
5522,1
31179,0.96
26779,0.98
3614,1
18289,0.9
40522,1
22573,1
4463,1
36475,1
32689,0.66
10204,0.96
22011,0.96
15216,0.98
20208,0.94
24977,0.04
9783,1
32236,0.92
17218,1
12745,0.9
12623,0.76
37921,0.6
11161,0.96
24419,1
39125,0.48
135,0.5
1583,0.9
26251,0.92
180,1
35557,0.98
12000,1
18377,1
2663,0.96
7343,0.94
40245,1
1497,0.94
19943,0.94
19800,0.9
11920,0.86
7182,0.98
24520,0.92
34525,0.56
38356,0.96
37927,0.86
35812,0.18
11883,0.88
21372,0.86
32282,0.88
39115,0.9
24035,0.98
20610,0.94
23674,0.92
22903,1
10064,1
16830,0.84
3372,0.92
35940,0.94
13317,0.94
24065,0.94
2853,0.82
15979,0.94
32872,1
2240,0.22
2037,1
2062,0.98
24613,0.84
40449,0.96
39937,1
27747,0.98
28300,0.96
36350,1
16793,1
11201,0.94
39793,0.98
25812,0.9
37622,0.92
1539,1
37840,0.96
23072,0.94
30862,1
13124,0.38
2718,1
22824,1
36949,1
23535,0.96
28924,0.96
18735,0.96
34199,0.98
17096,0.9
18379,0.84
35563,1
6845,0.94
25706,0.94
7725,0.98
20432,1
14351,0.9
6155,0.94
65,0.5
39922,0.88
28226,0.94
6475,0.42
19848,1
40168,0.98
10499,0.48
23398,0.94
2801,0.82
32726,0.98
2529,0.92
21209,0.96
37739,0.92
957,1
25302,0.98
15235,1
35971,0.98
34113,0.98
30310,0.82
18354,1
16215,1
611,1
25546,0.94
14712,0.92
24492,0.82
10542,0.94
17387,0.98
27645,1
41051,0.96
39000,0.96
38357,0.4
24827,0.98
36094,0.96
5140,0.98
8734,0.92
11556,0.92
24144,1
4660,0.96
9923,1
21301,0.98
1069,0.9
35813,0.76
29825,0.7
22220,1
14201,1
16328,0.92
18164,0.96
18763,0.88
40409,1
3151,0.5
20711,0.86
20998,1
31005,0.98
5188,0.64
23160,0.96
11802,1
24090,0.94
11970,0.98
35266,0.94
26144,1
30015,1
13605,1
22291,0.98
40117,0.98
30358,0.38
24499,0.88
37054,1
5793,1
20330,1
40280,0.98
10791,0.98
2679,0.84
38838,0.94
40834,0.86
33219,0.96
31820,1
39627,1
9665,0.98
4104,1
19842,0.98
38193,1
387,0.98
39281,1
7275,0.92
10303,0.4
1659,1
33,0.3
22310,0.98
39087,0.62
39040,1
8695,0.92
21865,0.96
21022,0.86
20367,1
28353,1
9379,1
35494,0.96
16363,0.96
3262,0.54
7423,0.98
28846,0.68
1032,1
6838,0.96
26235,0.98
34198,0.88
38098,1
2009,0.98
25236,0.98
26210,0.96
31687,1
33247,0.96
30325,1
27830,0.96
37793,1
26465,0.98
30785,0.4
6283,0.04
7929,0.94
37980,0.92
35744,1
24221,0.98
28856,0.78
30355,1
35479,1
12457,1
21253,1
1552,0.94
20248,0.98
32415,0.94
33015,0.98
16609,1
25212,0.96
15467,0.96
13567,0.96
27142,0.38
9631,0.98
2589,0.98
9209,0.98
3913,0.98
18471,0.82
14597,1
40748,0.78
33388,0.92
2996,0.82
6016,0.96
29759,0.94
23263,0.9
29115,0.92
38858,0.92
11477,0.92
9494,0.74
12765,0.68
25917,1
9598,0.96
9822,0.98
4417,1
40202,0.96
24067,0.96
11622,0.92
19515,1
25164,0.66
37798,1
29489,0.98
37195,0.98
25285,0.9
29254,1
39366,0.94
5828,0.4
29625,0.94
41061,0.4
30908,1
636,1
27350,0.92
29622,0.34
9896,1
19545,1
12760,0.98
16238,0.98
3416,0.98
584,1
33488,0.98
22330,1
37,0.9
938,1
7023,0.96
4377,0.32
36606,0.86
20462,0.98
25073,0.94
12003,1
37026,0.98
6613,0.96
30524,0.96
4820,0.96
16418,0.74
31694,0.64
22938,0.94
5636,1
28106,0.86
26180,1
7496,0.94
34400,0.34
19194,0.28
8716,0.96
20273,0.94
33837,0.86
23547,0.76
3158,0.62
33987,0.94
27786,1
3897,1
15297,1
33009,1
939,0.94
36568,0.88
18865,0.26
10001,0.98
17094,1
37649,0.52
20854,0.7
15875,0.94
35582,0.8
10585,0.18
14835,0.98
22283,1
25092,0.98
23285,1
40755,1
25796,0.98
14058,0.92
6087,0.96
22920,1
22703,0.96
28217,1
2058,0.18
35483,0.9
5987,1
5207,1
35091,0.88
7655,0.96
3172,0.98
13075,0.56
26845,0.96
8513,0.96
2607,0.86
12197,1
18463,0.96
268,1
8223,0.92
2202,0.82
11811,0.94
18291,0.6
37928,0.94
20048,0.92
28698,1
24356,0.98
35407,1
23250,1
27145,0.88
27597,0.94
6224,1
36977,0.9
31034,0.96
34088,0.92
29784,0.98
31938,0.58
15184,0.92
26578,0.94
13266,0.02
22652,1
28928,0.98
10464,1
28313,1
40906,0.96
37678,0.48
33626,0.7
20895,0.9
32686,0.24
20618,0.66
20040,1
31261,0.92
13545,1
39928,0.96
5444,0.9
16321,0.12
39049,1
1122,0.96
28209,1
2769,1
11585,1
39254,0.76
35550,0.98
24306,1
6128,0.98
10018,0.86
13439,0.72
37545,0.94
6370,1
35957,0.46
29418,0.98
2802,0.98
17903,0.94
35752,0.98
2692,0.88
16716,0.98
29244,0.96
1109,0.88
12296,0.88
31791,1
5237,0.98
16204,0.9
3835,0.98
4198,1
35949,0.94
25272,0.98
40732,0.78
11238,0.98
5558,0.88
38781,0.98
32852,1
21776,0.98
3461,1
31752,0.98
1601,1
32719,0.98
7389,0.74
21760,1
41173,0.68
19246,0.52
26442,0.96
29562,1
29722,0.94
40097,0.9
17088,1
41133,1
6679,0.46
12089,0.98
18222,0.98
40760,0.92
35512,0.94
6727,0.12
29990,1
33461,0.94
6564,1
10407,0.36
16207,0.82
25977,1
13903,0.88
2590,0.92
10066,0.98
24693,0.98
6043,0.98
4532,0.96
5544,0.74
34683,0.98
23255,0.94
18527,1
30436,0.64
20234,1
1540,1
2852,0.96
22705,0.9
12681,0.88
38800,0.9
7796,0.96
15336,1
1625,1
31402,1
13555,0.98
21693,0.98
2571,1
34595,0.24
18944,1
18279,0.98
40187,0.06
22901,0.8
20430,0.9
30410,0.96
27522,0.98
35482,1
23484,0.74
14750,0.88
15920,0.68
11526,0.96
935,0.98
27731,1
19251,1
9388,0.98
23081,1
40927,0.9
11685,0.98
21794,0.92
10005,0.98
1786,0.9
27763,0.74
3636,0.94
20438,0.36
21398,0.94
11851,0.86
14792,1
21618,0.98
4804,0.28
6077,1
4304,0.92
9914,0.62
8583,0.98
15926,1
2806,0.98
31609,0.12
9862,0.96
7367,1
4282,0.9
38064,1
35629,0.9
8424,0.48
21248,0.94
33908,1
16332,0.92
28423,0.9
888,1
33938,0.92
20993,0.96
11646,1
29248,0.88
33056,0.98
31603,0.98
20617,1
36420,0.98
32553,0.98
2846,0.98
18252,0.82
19969,0.98
660,0.84
13123,1
34596,0.86
4140,0.94
10294,0.96
311,0.8
4649,0.98
23239,0.98
10953,0.92
37386,0.86
11677,0.96
32875,0.28
15804,0.96
35522,0.98
3119,0.96
8311,0.94
22991,0.98
33118,0.88
1556,0.88
25634,0.92
31896,0.82
23825,0.96
17216,0.98
36169,1
20336,0.86
39062,0.96
34904,0.98
21568,0.62
38066,0.16
17366,0.98
1836,0.84
29365,0.84
17453,0.92
8006,1
4362,0.96
4063,0.94
9318,1
36477,0.54
23695,0.98
13649,0.98
38309,0.54
17056,0.98
2774,0.96
38313,0.68
5595,1
24740,0.84
16594,0.84
8196,0.94
4238,0.34
26637,0.94
13767,1
23727,1
34076,1
16450,1
28430,0.92
37992,0.96
8892,0.96
40918,1
30199,1
29653,0.96
41175,0.98
19614,1
10201,0.92
12758,0.98
19146,0.98
5725,1
4243,1
38104,0.44
36944,0.82
21229,0.54
35857,0.96
9200,0.22
18472,1
19252,0.96
21357,0.96
25987,0.4
24837,1
21841,0.64
28811,1
25752,1
20968,0.98
16720,0.96
32751,1
12714,0.82
31855,0.88
29172,0.76
32653,0.92
26406,0.96
21297,0.9
41144,0.92
7685,0.98
6215,0.64
33810,0.94
16057,1
9623,0.8
560,0.96
24715,1
18943,1
15666,0.9
9885,0.8
24776,0.98
10040,1
17659,1
2429,0.96
38566,0.98
25154,0.62
30470,1
30944,0.08
15072,1
13667,0.84
25173,1
12604,0.94
40840,0.96
15752,0.78
11816,0.84
20386,0.96
12638,0.96
20820,0.98
11202,1
1470,0.94
4628,0.96
15206,0.92
37464,0.98
6949,1
35178,0.98
18619,1
2036,1
38769,0.98
33631,0.98
11089,0.9
1036,1
32036,0.98
3319,0.24
33142,1
14358,0.9
997,0.98
34487,0.74
31645,0.96
25673,0.94
21510,0.94
36531,1
7232,0.98
31523,0.98
28154,0.94
17901,0.96
32665,0.24
40945,1
28774,0.98
35158,0.94
32519,1
25189,0.96
6575,1
23354,0.94
13636,0.98
20752,1
23942,1
40357,0.96
26192,0.66
39426,1
22062,0.9
38013,0.98
604,1
4397,0.92
37689,1
5670,0.98
8490,0.96
14939,1
12327,1
40885,1
32990,1
18464,0.84
23796,0.98
8368,0.8
11880,1
28002,1
1013,1
34644,0.96
33594,0.9
26372,0.96
28760,0.96
1030,0.82
10798,0.96
23936,0.96
26712,1
24961,0.92
14319,0.98
667,1
6530,0.92
23990,0.96
40463,0.74
23963,1
20701,0.98
22035,0.92
1178,0.92
19564,0.96
16807,1
4046,0.96
39101,0.24
37560,1
36993,0.98
27922,0.98
36311,0.8
4220,1
32234,0.94
26932,0.92
9,0.94
22678,1
32720,0.76
14159,1
6810,0.96
22650,0.9
40948,1
34225,0.94
22706,0.96
5350,0.94
11188,0.94
37396,1
3891,0.94
15685,0.94
30203,0.96
34633,0.98
1284,1
26572,0.82
15497,0.44
7688,0.9
14985,0.14
20965,0.9
39601,0.98
9600,1
8222,0.66
31793,0.04
394,0.88
28780,1
20259,0.94
23211,0.98
21638,0.94
40556,0.78
31719,1
13302,0.94
19982,1
39097,0.88
20881,0.98
38545,0.88
4719,0.82
18035,0.98
33023,1
226,0.38
10777,1
323,0.44
30669,0.92
13778,0.92
12210,0.4
32225,1
38635,1
15778,1
12667,0.92
34621,1
1853,0.98
30250,0.68
14123,0.92
3528,0.66
40827,0.98
13666,0.5
26871,1
30708,0.78
24849,0.94
39799,1
9079,0.78
22373,0.94
2820,0.98
1455,1
34623,0.44
39541,0.94
10309,0.86
17918,1
5149,1
33137,0.98
28341,0.98
38172,0.98
28388,0.9
41034,0.88
21765,0.98
6432,0.98
35868,0.98
13681,1
27088,1
9966,0.16
17133,0.98
32279,0.2
36619,0.94
23981,1
16922,1
5107,0.96
228,1
31740,0.92
24959,0.98
36669,0.98
9742,0.94
18914,0.9
10230,1
32912,0.76
3882,0.56
15333,0.98
16077,0.32
1694,0.56
290,0.86
1503,0.92
17470,0.86
12742,1
2146,0.98
8420,0.54
30027,1
15433,0.98
16539,0.92
13236,0.92
37287,0.54
23021,1
1329,1
21781,0.92
28779,0.98
22702,0.84
24225,1
9944,0.38
40776,0.78
25255,0.94
19055,1
35171,0.86
40842,1
27399,1
16519,1
335,0.98
40476,0.92
22395,0.82
41097,0.94
1518,0.82
14718,0.9
11872,0.98
27639,0.92
17706,0.9
8508,0.98
2711,0.98
20812,0.98
10457,0.38
28236,1
29028,1
13477,1
10871,0.88
37443,0.78
34386,0.3
9228,0.94
14782,0.86
18216,1
35331,1
3759,0.86
23206,1
9634,0.26
3594,0.58
17775,0.98
4296,1
11869,0.96
35714,1
14375,0.84
8607,0.96
29601,1
8610,0.26
31387,0.96
25532,0.96
36896,1
26246,1
14344,0.82
12622,0.96
36950,1
40946,1
18593,0.98
40723,0.82
11369,0.76
465,1
5811,0.92
34841,1
35506,0.94
32752,0.98
1735,0.94
10707,1
826,0.78
32264,1
21018,1
7611,1
25478,0.96
24261,0.92
4505,0.62
11376,0.98
33229,0.96
19269,0.98
27448,0.98
8081,0.98
19645,0.98
5074,0.9
6273,1
3704,0.88
13360,1
4035,1
26839,1
14250,0.92
1999,1
17099,0.8
1640,0.76
27749,0.88
40182,0.6
37597,0.88
4108,0.98
26554,0.92
5185,0.68
6797,0.68
18838,0.98
3292,1
28959,0.96
28245,1
30921,1
5023,0.98
39529,0.98
41031,0.74
12842,0.94
10008,1
12611,0.96
23771,0.92
9553,0.94
33125,0.92
40749,0.96
16783,0.98
9941,0.98
34842,1
39138,0.94
31561,0.82
8554,1
10034,0.18
39387,0.1
13747,0.94
21407,0.86
17073,0.68
3381,1
22365,0.64
15818,0.98
13645,1
9664,0.98
8,0.96
14562,0.94
1454,0.9
11763,0.92
30076,0.84
9658,0.8
20910,0.96
30780,1
3609,1
23991,0.98
2029,0.96
12424,1
17485,0.66
23598,1
3593,0.92
33790,1
1642,0.98
20946,0.98
11442,1
11555,1
11605,0.96
2570,0.96
19151,1
11761,0.98
23765,1
5815,1
35528,0.94
10406,1
19805,0.64
5946,1
23135,1
39100,0.42
15307,0.92
11195,0.94
15502,1
3769,0.9
182,1
6925,0.98
31997,0.64
17343,0.6
36989,0.84
22643,1
28962,0.98
18457,1
16573,0.98
22725,1
9203,0.08
21373,1
5288,1
15368,1
12923,0.94
31732,0.94
29181,0.92
1580,0.3
30225,0.98
12668,1
40607,0.92
14412,0.72
10441,0.96
20304,1
23955,1
3971,1
16463,0.92
19558,1
37922,0.9
7064,0.94
38444,0.94
2093,0.98
16148,1
1406,1
39629,0.98
15902,0.98
20107,0.72
38192,1
5515,0.78
32859,0.94
22084,1
25067,0.98
39987,0.94
36604,0.98
12831,0.82
18494,0.84
7889,0.98
26538,1
5290,0.98
11874,0.06
27540,1
1103,0.46
8419,1
5564,0.98
9715,0.14
22145,0.9
29753,0.82
19317,1
35244,0.98
28365,0.94
1689,0.98
6492,0.54
33696,0.98
15955,0.94
17961,0.2
7325,1
40904,0.98
31397,0.78
11524,1
8089,0.48
28155,1
16849,0.86
33690,0.78
946,0.98
20787,0.98
23438,0.84
28041,0.08
277,0.98
30941,1
34808,0.96
15549,0.66
993,0.92
11055,0.54
14148,1
20744,0.82
33518,0.94
39509,0.6
28455,0.98
1560,0.82
36946,1
22285,0.96
5569,0.86
27994,0.96
19313,0.98
35490,0.88
19124,1
20503,1
264,0.98
31274,0.96
40333,0.98
32732,1
12953,0.56
13812,0.86
24919,0.96
19682,0.92
3988,0.9
3379,0.98
23279,1
589,1
11638,1
40838,0.98
17086,0.84
31864,1
25743,0.98
31338,1
414,0.96
21524,0.94
6513,0.94
23779,1
36796,0.7
18831,0.94
14475,0.98
36571,0.92
34213,0.92
9207,1
18514,1
32729,0.94
18570,1
32903,0.82
1469,0.98
9479,0.98
27030,0.58
10859,0.98
27899,0.32
26160,0.92
40934,0.96
3218,0.28
8871,0.94
11719,0.94
10206,0.96
13025,0.98
31556,0.98
17106,1
32722,0.82
12513,0.96
23343,0.8
14991,1
16454,0.82
36855,0.92
16811,1
35755,0.96
34723,0.68
12386,1
12014,1
15373,1
25079,0.96
41141,0.54
29123,1
21710,0.94
3451,0.96
25854,1
2053,0.86
25233,1
11391,0.96
33933,0.96
30502,0.84
31879,0.74
11598,1
21111,0.84
17304,0.98
33621,0.86
22699,1
1019,1
31427,0.3
39470,1
5265,1
20538,0.96
2636,0.96
7195,0.5
7324,0.24
521,1
424,1
29858,0.98
32995,0.98
21460,0.14
21844,1
5512,0.94
28946,0.98
40533,0.92
11162,1
29386,0.94
36881,0.98
20731,0.98
3697,0.98
7141,0.98
19714,0.98
25127,0.94
14872,1
12699,0.98
8814,0.98
2554,1
7940,0.88
35380,1
22134,0.98
21124,0.88
14331,0.94
11810,1
25274,0.98
7818,0.98
11034,0.84
9548,1
20493,0.9
40831,0.74
14962,1
23054,1
22233,1
40135,0.96
24102,0.08
11297,0.72
21728,0.74
34100,0.84
32499,0.98
28631,0.96
27732,0.78
15995,1
23344,0.6
41153,1
7169,1
24662,0.14
35887,0.96
11227,0.82
13656,0.8
25358,0.94
22469,1
30838,0.98
40707,0.56
33629,0.92
33331,0.98
22544,0.82
2237,1
18317,0.98
20774,1
11280,0.96
19189,0.9
3950,0.94
6392,0.98
24807,1
7760,1
18092,0.98
10636,0.42
23538,0.98
31661,1
26666,0.96
18352,0.98
3408,0.9
36520,0.38
8413,0.92
2758,0.98
25994,1
17799,0.92
33706,0.94
28195,1
2165,1
16732,0.96
15961,0.82
25163,0.8
9017,0.92
39229,0.98
7928,0.6
15769,0.8
1623,1
35305,0.96
13041,0.94
1517,0.88
14304,0.78
20110,1
33462,0.88
30918,1
15556,0.96
21763,0.28
17929,1
29841,0.98
30559,0.9
19114,1
4907,0.88
9736,0.96
29565,0.1
23937,0.94
35224,0.98
21910,0.94
12855,0.82
12515,0.98
17276,0.92
25200,0.96
4252,0.7
6907,0.96
31981,1
39934,0.36
15881,0.98
15621,0.4
38906,1
26831,0.96
682,0.96
9043,0.98
3398,1
28466,0.88
2500,0.9
5547,0.84
14083,0.92
38490,0.98
33575,0.96
16955,1
23550,1
33214,1
3592,0.94
20844,0.98
9836,0.96
20455,1
31762,0.98
32779,0.96
29362,0.8
7305,0.98
36843,0.98
983,0.76
12564,0.96
39512,1
16001,0.98
3336,1
30198,0.82
13437,1
10631,0.98
36294,0.98
19253,1
3024,0.92
17145,0.98
193,0.76
14898,0.98
18834,0.98
30359,0.96
7766,0.98
1832,0.96
31374,1
7514,0.94
21167,0.9
7273,1
28308,0.94
764,0.94
30968,0.48
24688,0.9
23785,0.96
41039,0.94
33839,0.96
38129,0.98
35078,0.54
20270,0.98
26493,0.96
10104,0.98
9420,0.98
24579,0.98
26552,1
15799,1
39732,0.92
7331,1
13210,0.94
19897,1
15469,0.76
35919,1
6709,1
21025,0.98
19723,0.82
22420,0.98
7403,1
588,0.56
18917,0.9
31748,0.68
30787,1
22885,1
36545,0.94
4986,0.5
14453,0.98
19796,0.94
33555,1
35316,1
31898,0.96
1784,0.66
35175,0.68
23491,0.98
12885,0.86
38209,0.74
29535,0.94
36556,0.98
24767,1
5005,0.8
20066,0.98
1157,0.98
13578,0.2
37731,0.38
25268,0.98
39292,0.9
30081,0.9
10074,0.98
17640,1
5484,1
14503,1
7767,0.96
35536,1
36964,0.54
36884,0.88
9002,1
40036,0.96
15719,1
37244,1
10622,1
14570,0.98
304,0.98
13751,1
10568,0.56
26573,0.9
32448,0.94
28882,0.72
29833,0.96
11315,1
1513,1
38586,0.88
17884,0.94
35926,0.94
9333,0.98
31792,0.98
29967,0.14
1357,1
8202,0.88
20287,1
25055,0.96
3320,1
32092,0.98
27504,0.38
7148,0.96
26592,1
18589,0.82
11292,1
25363,0.96
25679,0.96
16127,0.86
24945,1
25815,1
31741,1
22121,0.86
22173,0.96
11971,1
34220,1
30128,0.98
31439,1
13750,0.86
14894,0.98
22762,1
4774,0.2
21392,0.86
38860,1
36865,1
35980,1
21056,0.78
22092,0.92
40032,0.84
9592,0.38
21414,0.92
2743,0.98
25049,0.92
30580,1
23583,1
28639,1
38609,0.78
2600,1
12367,1
34069,0.94
23085,0.98
35530,1
13826,1
5199,1
15160,1
11198,0.9
34658,0.94
20,1
12317,0.98
10553,0.98
8900,1
36722,1
10299,0.98
32384,1
3560,0.98
1077,0.72
40659,1
2074,1
19039,1
21396,1
33817,0.96
26738,0.66
27971,1
10379,0.88
14762,1
3735,0.6
17429,1
14902,0.16
33337,1
4363,1
25738,0.94
12396,0.98
6756,0.32
31524,0.96
36612,0.9
34950,0.58
23253,0.38
15372,0.28
18654,0.94
38030,0.98
1378,0.98
6086,0.92
12389,0.98
31202,1
16610,0.8
12384,1
3534,0.88
22424,0.98
10866,0.96
33116,1
17172,0.88
2840,0.9
17334,0.44
13997,0.94
11062,1
8740,0.96
27550,0.94
18637,0.98
25096,0.88
25246,0.84
38945,0.98
29572,0.98
14650,0.84
23023,0.86
35742,0.86
23486,1
14599,1
22564,1
2446,0.9
31685,0.94
2619,0.98
27325,0.94
29309,0.92
35193,0.38
37079,0.94
32969,0.48
6938,0.32
27526,0.96
38285,0.98
20768,1
21988,0.98
7560,0.92
40403,0.92
31989,0.92
29323,1
22667,0.86
28057,0.98
6814,0.56
22438,0.74
3450,0.64
31909,0.98
655,0.92
19110,0.38
10262,0.68
28431,0.96
5180,0.84
33028,0.96
6543,0.94
15084,0.98
22083,1
27038,0.96
3504,1
8459,1
34812,1
140,0.96
16044,1
34175,0.9
247,1
5620,1
7291,1
27521,0.96
20108,0.82
7567,1
24026,0.94
34363,0.98
33650,0.8
35340,0.86
29950,0.98
15923,1
8799,1
11747,1
16176,1
9876,1
4964,1
10465,0.98
34403,1
21928,0.98
18122,0.94
37364,0.92
8642,0.94
11741,0.86
985,0.94
40489,0.94
29270,0.76
23080,0.96
10300,0.92
34597,0.94
29170,0.92
33577,0.98
18685,1
29015,0.88
24554,0.96
13669,0.98
29758,0.96
26991,0.62
14912,1
39869,0.98
4639,0.56
17234,0.96
13458,0.88
17444,1
362,0.94
15334,0.84
37070,0.94
31379,0.88
4766,0.94
17287,0.74
36429,0.7
11925,0.84
34871,0.18
9357,0.98
20796,0.9
4762,1
7952,0.58
12919,1
39381,0.74
11826,1
29651,0.66
7165,0.98
9875,0.94
3377,0.92
24726,0.9
17372,0.6
9608,1
13988,0.94
2459,0.98
27871,0.96
7193,0.58
5767,0.74
11951,0.94
28303,0.98
26803,0.68
19853,0.98
610,1
28541,0.94
21579,1
28510,0.92
7416,0.98
26821,0.98
40633,0.98
37221,1
5998,0.98
37433,1
33358,0.74
18198,0.9
27491,0.9
2559,1
13870,0.96
30796,1
18247,0.98
9387,1
16411,0.98
29663,0.94
25647,1
26356,0.96
39965,0.88
4805,1
16586,0.92
17936,0.9
12894,1
35736,0.98
36232,0.96
1214,1
20453,0.56
26764,0.74
38139,0.54
34610,0.98
38644,0.98
23968,0.88
32103,0.94
7639,0.78
15747,1
26079,1
32232,1
32551,0.98
39915,0.98
34647,0.96
17345,0.52
31875,1
21868,0.9
10165,0.9
28520,0.9
29355,0.98
35854,0.9
17205,1
16370,1
34968,0.48
9574,0.92
12669,1
1277,1
16198,0.92
10107,0.54
12884,0.86
13132,0.94
16364,0.78
35149,1
38837,0.96
3941,0.96
26840,0.98
20068,1
11488,0.6
1889,1
28505,0.16
4825,0.92
21247,0.96
17790,0.98
34304,1
23003,1
12325,0.92
33726,1
11184,0.88
3041,1
32514,0.96
12880,0.96
11540,0.92
30923,0.54
30080,0.24
23500,1
13285,0.94
30540,0.2
12484,0.42
29318,1
24210,0.94
38194,0.96
23601,0.96
38270,0.78
13687,0.98
33379,1
31964,0.98
11863,1
37624,0.92
5971,0.96
6062,1
13514,0.94
8765,1
3927,0.56
23952,0.8
31501,0.58
7050,0.96
23445,0.96
32257,0.88
29660,1
29173,0.72
19939,0.72
22500,1
31484,1
28269,1
9925,0.96
31958,1
33780,0.86
29352,0.98
22813,0.66
38404,0.18
27315,0.68
33057,0.88
15831,0.96
27958,1
17684,0.38
23127,1
16453,1
28452,0.9
26084,0.9
28051,0.98
35830,0.88
5962,1
19936,0.38
21158,0.98
619,0.98
14004,1
16725,0.94
7414,0.32
27568,1
33745,1
15165,1
27413,0.44
13553,1
6190,0.96
24079,0.98
31669,1
34128,0.92
21598,0.96
23619,0.6
12872,0.94
31769,0.4
24304,0.92
35241,0.5
15725,0.96
29920,0.44
29416,0.96
21797,0.98
31273,0.92
15707,0.96
11993,0.94
2631,0.96
23193,0.94
27217,0.38
4926,1
622,0.96
33851,1
12224,0.94
5160,1
38386,0.72
22425,0.88
8206,0.94
12937,1
2868,0.94
13156,0.96
37835,0.22
38812,0.96
2416,0.98
37033,0.98
950,0.94
1430,0.98
40266,0.96
37865,0.96
38431,0.94
18480,1
9358,1
31018,0.98
35001,1
34704,1
28442,1
4924,1
9436,1
12271,1
13457,0.78
38007,0.98
21801,1
9309,1
13278,0.96
11371,0.8
18840,0.96
39061,1
19575,0.98
30733,1
24326,0.48
33017,0.94
16665,0.96
27716,0.96
15087,1
37429,1
13628,0.22
21744,0.92
34440,1
21150,0.96
23754,0.92
36668,0.94
5896,0.98
21191,0.94
18567,1
22174,0.9
33590,0.9
8862,0.52
10719,0.94
26487,0.9
20233,1
2922,0.78
21258,0.96
13702,0.88
30412,0.88
1010,0.96
18221,0.82
41042,0.96
34580,1
28741,1
16702,1
37016,0.66
17003,0.88
5415,1
26482,0.9
34705,0.9
32842,0.84
2167,1
36141,1
10690,1
3312,0.94
34943,0.92
40483,0.22
26078,1
6622,0.98
10115,0.8
3930,0.9
4543,0.78
37498,1
34774,1
35984,1
37723,0.96
24913,0.86
30028,0.64
5393,0.86
19336,1
6458,0.66
27754,0.98
20532,0.7
24204,0.94
40308,0.96
17524,1
18339,0.96
26828,0.98
38825,0.94
39160,1
27116,0.92
31144,0.9
28319,0.94
32718,1
20410,1
7594,1
29504,1
5058,0.94
15589,0.96
34293,0.94
33019,1
29105,0.92
21341,0.98
21698,0.56
24844,1
9844,0.92
13164,1
36991,1
25740,1
2553,0.98
20565,1
30670,0.96
18960,1
248,0.94
32419,0.7
36994,0.96
33663,0.94
34111,1
26347,1
14313,0.9
13661,0.98
8305,0.94
26971,0.96
4102,0.86
24621,0.98
12992,0.92
40952,0.86
23857,0.56
29375,0.88
5625,0.98
17834,0.98
6522,1
7497,0.94
12601,0.64
34143,0.9
25168,1
8333,0.98
38249,1
13996,0.98
11537,0.96
624,1
36016,0.92
12230,1
37691,0.92
9527,1
24372,0.54
9777,0.96
25586,0.92
15245,0.98
14812,0.98
24797,1
30106,0.94
23970,0.04
26054,1
16501,1
13691,0.92
23129,0.96
12520,0.32
35841,1
2620,1
21347,0.18
11812,0.98
6150,0.98
11535,0.4
41083,0.9
4787,0.88
20789,0.98
462,0.26
12185,0.98
35198,0.92
32107,0.78
10621,1
9743,0.96
10327,0.94
40619,0.96
36359,1
548,0.98
18270,0.96
37332,0.98
7593,1
37656,0.82
27147,0.98
34883,1
9543,1
24888,0.96
4383,0.8
41059,0.98
32086,0.96
31346,0.96
7483,1
40047,0.9
5917,0.96
25169,1
10159,0.86
35972,1
39294,0.74
2753,0.98
15672,0.98
15412,0.9
13780,1
12566,0.86
11593,1
5177,0.98
26927,0.92
36635,1
34711,0.96
10046,0.68
23494,1
1912,0.98
39217,0.96
20416,0.96
111,0.9
10743,0.22
39286,1
5470,0.9
32212,0.96
36773,0.92
29094,0.92
10917,0.98
27387,0.54
12935,0.64
6536,0.96
35667,0.94
15822,0.92
14634,0.98
10455,0.86
34085,0.92
21772,0.72
37078,0.98
26731,0.64
20602,1
5335,0.86
524,0.96
13863,0.54
14498,0.96
35267,1
29522,0.96
40218,0.98
12899,0.44
26553,0.98
36905,0.96
6887,0.8
25254,0.96
35007,0.96
6467,0.94
38704,0.98
39450,0.96
19048,0.54
24495,0.96
19887,1
11854,0.98
22830,0.98
4315,0.44
29792,0.86
25983,1
2059,0.94
22639,1
30734,1
23909,1
3361,0.98
31499,0.92
39619,0.92
7027,1
7360,0.96
1413,0.98
37188,0.94
16302,0.78
1811,0.94
38658,0.9
21312,0.48
18072,0.78
13423,0.78
31352,1
4733,1
8272,0.88
12987,1
10696,0.98
13821,0.94
7375,0.98
23553,0.96
22945,0.98
2064,0.88
6291,1
10548,0.98
39207,0.9
5873,0.96
23355,0.72
32308,1
31650,1
20322,0.68
33643,0.92
11631,0.98
16421,0.8
5033,1
13759,0.94
11022,0.34
21571,1
37593,1
29046,0.66
10173,0.16
13382,0.12
5098,0.98
13336,0.96
29426,0.34
30522,1
60,0.88
5021,1
19894,1
8154,1
9459,1
36797,0.92
23542,0.84
822,0.96
4092,0.98
8507,1
9826,0.92
15821,0.36
15311,0.98
8400,0.98
9492,0.6
11,0.98
6121,1
30702,1
20749,1
36192,0.68
28244,1
40880,0.98
24057,0.96
29423,0.98
1271,0.92
23557,1
12304,0.96
5067,0.96
13020,0.28
21469,0.98
5447,1
33752,1
16020,1
20463,0.9
28732,0.96
13659,1
18804,1
15204,1
13408,0.98
6281,0.96
22013,1
10293,0.68
26540,0.4
25084,0.94
14904,0.88
32001,1
10193,0.94
11224,0.98
3144,1
34469,0.64
34582,1
2696,0.82
10070,0.96
39323,1
26676,0.9
20221,0.7
56,0.94
31091,0.96
1508,1
28339,0.98
36542,0.86
25536,0.8
41088,0.94
15313,0.98
8681,0.64
5957,0.9
7942,0.8
13634,0.98
38451,0.96
37936,0.98
33342,0.66
5003,0.98
4021,0.9
25360,0.96
31441,1
36621,0.98
11930,0.96
16507,0.92
24052,0.96
39571,0.94
33530,1
3380,1
21956,0.98
1862,0.98
31419,1
8080,0.98
8393,0.88
9704,0.5
25447,0.86
37304,0.8
28235,0.8
8529,1
9677,0.92
5976,1
26468,0.98
18701,1
40818,1
5714,1
27646,0.98
33046,1
12532,1
40241,0.86
15048,0.98
8121,0.92
1043,0.5
24593,0.92
22066,1
3340,0.8
8751,0.96
40200,0.92
12087,0.82
18064,0.98
17519,0.38
8571,0.36
25384,0.92
2254,0.96
29068,0.6
32805,1
38859,0.92
1345,0.88
19669,0.74
11272,0.98
8721,1
23048,0.94
3679,1
32657,0.98
33648,1
15237,0.98
21838,0.94
36269,0.98
9238,0.98
29277,1
27881,0.7
40534,0.8
36144,0.92
4597,0.82
7507,0.8
17781,0.98
27616,0.96
29911,0.92
37481,0.92
19021,1
13348,1
38567,1
40457,0.94
4169,0.9
32943,0.84
19792,0.56
28104,1
12692,0.9
36747,0.9
25090,0.98
3378,0.98
31670,0.98
25040,0.92
16544,0.82
39032,1
24815,0.96
25457,0.96
26616,0.98
89,0.86
27099,0.88
8054,1
20353,0.22
35420,0.76
1179,0.96
23986,0.3
18115,1
18385,1
10742,0.96
25577,0.92
18651,0.96
34511,0.98
19346,0.56
12848,0.98
31373,0.46
8211,1
6741,0.98
25081,0.98
31354,0.96
16597,0.74
19271,0.94
35026,0.84
34002,1
32899,1
20348,0.56
26149,0.98
32176,1
19239,1
17302,1
5170,0.98
17260,0.96
15931,0.72
8597,1
29371,0.86
29640,0.86
15444,0.92
9534,0.94
32966,0.94
21980,0.94
71,1
5573,0.52
18802,0.9
31063,0.68
36681,1
13024,0.86
3662,0.92
20409,1
34657,0.96
9767,0.92
34180,0.96
24368,0.98
12202,0.92
12339,0.82
17894,0.94
7315,0.98
2703,0.96
15976,0.92
12141,1
34108,0.94
3995,0.8
22263,0.96
14535,0.98
11104,1
40815,0.98
39036,0.92
4707,1
37781,0.96
24804,1
19528,0.58
26982,0.98
11749,0.82
9995,0.86
32252,1
35784,1
5391,0.92
12514,0.96
19348,1
25589,0.96
17693,0.92
22839,0.76
2266,0.9
4001,1
27131,0.98
8696,0.68
20374,0.36
8572,1
27793,0.9
21515,0.98
14867,0.98
5682,0.86
2407,0.94
18703,0.6
20345,0.96
9094,0.98
36725,0.96
3968,0.52
11850,1
33724,0.98
21914,0.96
20720,0.1
10177,1
7541,1
17910,1
20760,0.88
8733,0.94
38071,0.8
15380,1
4194,1
1924,1
38077,0.96
16576,0.94
18927,0.98
9415,0.96
37752,0.94
34921,0.92
35828,1
40224,0.94
22518,0.94
6873,1
6695,0.8
3210,0.98
33866,0.94
20989,0.96
28540,0.92
21088,0.04
8111,0.92
28399,0.98
29011,0.46
25942,0.82
15061,0.94
23879,1
12861,0.82
4003,0.98
20803,0.78
18648,1
40542,0.7
9894,0.98
20454,0.98
31251,0.98
33343,0.98
38813,1
20017,0.54
40788,0.96
10947,1
6855,0.96
5771,0.98
38015,0.96
33441,1
36454,0.9
40677,1
23418,0.98
22375,0.94
19215,1
27434,1
3147,1
2695,1
36511,0.9
20267,0.96
13528,0.94
32127,0.18
36059,0.98
1065,0.98
40265,0.52
19372,0.38
30717,1
21281,0.5
1671,0.98
34637,0.98
27964,0.8
32124,0.86
26267,0.94
12974,1
11145,0.9
26496,0.46
36218,0.94
33615,0.9
25402,0.84
10209,1
12567,0.6
5833,0.98
18093,1
22548,1
40075,0.96
38727,0.92
16578,0.92
16859,0.9
40624,1
18058,0.86
38027,0.9
4498,0.86
14713,0.42
3781,0.98
31295,0.9
130,0.98
2941,0.98
1585,1
33073,1
40484,0.92
27230,0.8
36343,0.96
8229,1
15688,1
37404,0.96
4255,0.56
29030,0.96
20293,1
6812,0.9
2829,0.62
40771,0.34
3832,1
13829,0.74
28883,0.98
24186,1
16840,0.52
33867,0.9
4984,0.98
9210,1
3635,1
13847,0.86
21720,0.62
40916,0.96
36498,1
26729,0.9
1624,0.84
12925,0.98
7863,0.96
39759,1
26022,1
40926,0.86
5587,0.98
21316,0.78
27729,0.94
18113,0.78
24408,0.84
11959,1
17697,0.94
10983,1
32770,0.94
18361,0.98
21520,1
21342,1
29908,1
32216,0.18
32554,0.98
40772,0.9
33456,0.88
23097,1
18695,0.98
26627,0.94
30907,0.96
14229,0.96
32052,0.92
8910,0.98
30233,1
3085,0.96
38871,1
9044,1
8728,0.98
28021,0.98
29021,0.98
2841,1
38525,1
35569,0.62
29510,1
15277,0.98
14592,0.9
15095,0.96
5953,0.96
23973,0.7
9077,1
10769,0.34
6454,1
30016,0.98
18992,0.66
38569,0.78
13341,0.92
27933,0.88
27553,0.96
4391,0.98
21551,0.88
10519,0.98
17256,1
36423,0.98
3599,1
31873,0.98
31287,0.72
23148,1
8790,0.86
16770,0.94
275,0.9
34701,0.96
34919,0.96
35090,1
15004,0.94
18550,0.36
2838,0.96
6477,1
18602,0.98
17486,1
23340,1
16046,0.4
21669,0.98
30169,1
33003,0.78
34973,1
1637,1
11267,1
35864,0.98
17024,1
34767,0.96
39797,0.94
31166,0.94
5069,0.88
29070,0.92
30842,1
30950,0.98
23810,0.9
36132,0.96
26966,0.96
21319,0.92
30951,0.92
926,0.9
37297,0.68
7660,1
23130,1
11454,0.94
5550,0.86
10630,1
24203,0.98
26812,0.94
30158,0.46
14880,0.9
12281,0.62
8932,0.9
35076,1
10912,0.98
8825,1
25625,0.98
34026,0.94
25883,0.98
29551,1
21160,0.98
19183,0.96
32100,0.96
27162,0.82
20381,0.96
19477,0.94
22844,0.68
33672,1
38001,0.98
7858,0.78
5580,0.98
28102,1
29326,1
8257,0.96
16236,1
2637,0.92
27239,1
17227,1
29702,0.98
25500,0.82
12649,0.98
38135,0.9
22387,0.86
23687,0.98
33422,1
10423,0.98
10468,0.96
29487,1
12747,1
23181,0.98
30116,0.98
17956,0.96
231,0.82
11561,0.9
35811,0.94
34840,0.82
38619,0.78
32311,0.78
10105,0.98
9607,1
23806,0.98
12778,0.98
18759,1
26502,0.98
20488,0.92
28945,0.74
38944,0.98
4168,0.7
21860,0.9
17048,1
305,1
16498,0.94
11196,0.86
18196,1
34584,0.86
29316,0.88
20556,0.98
32906,1
6554,0.98
26150,0.98
904,0.92
15687,0.98
3008,0.94
27601,0.94
25467,1
15342,0.98
4260,0.98
15683,0.98
13399,0.82
25399,0.92
16684,1
24960,0.9
11406,0.94
15815,0.94
29955,0.98
2033,0.2
20269,1
35749,0.8
8124,0.98
34313,0.52
774,0.76
24870,0.7
23145,0.86
28529,1
22404,1
33965,1
38093,0.58
25764,1
32670,1
19461,0.52
18973,0.96
25016,1
37614,0.96
6640,0.64
31973,0.98
22226,0.96
19368,0.94
39488,0.98
15791,1
20262,0.96
24663,0.98
35968,1
32821,1
19013,1
23666,0.42
38985,0.98
39208,1
36579,0.96
35369,0.98
7700,0.88
34182,1
6792,0.94
14519,0.98
36539,0.98
15647,1
10274,0.44
22665,0.86
31473,0.94
3404,1
15812,0.78
12047,0.88
6823,0.74
38758,0.98
5937,0.98
4898,0.94
34431,1
7063,0.98
10933,1
15131,1
19071,0.4
33299,0.96
112,0.98
10931,0.78
15671,0.24
3230,0.98
27698,0.98
27609,1
3871,0.92
36954,0.78
4943,0.98
24283,0.78
39188,0.94
35862,1
30321,1
9882,1
649,0.98
32640,0.98
7419,0.86
38222,1
30121,1
27209,0.74
35754,1
13077,0.24
9081,1
35415,0.98
30635,1
37572,1
13194,0.98
37777,0.96
1787,1
15496,0.88
35081,0.98
34512,0.82
26387,0.96
31990,0.98
5238,0.7
36390,1
13231,0.92
13001,0.98
37311,0.1
4229,0.92
7252,0.9
28658,0.94
2495,1
10436,0.98
374,0.94
34557,0.94
11627,0.96
27718,0.98
17300,0.82
2251,0.98
9858,1
23223,1
5438,0.34
39762,0.96
33858,0.9
10353,0.84
3064,0.86
4652,0.98
17880,0.78
30671,1
24049,1
13856,0.98
5340,0.92
570,0.88
15042,0.96
25499,0.96
23531,1
17846,0.94
3809,1
29764,0.96
24389,1
1547,1
11322,0.96
33498,0.96
2090,0.82
23308,0.86
39163,0.92
10502,1
16339,0.94
27392,0.96
1385,0.22
2967,0.16
15203,0.88
22555,0.76
7378,1
4686,0.96
37179,0.9
23621,0.92
7713,0.92
26231,1
26533,0.94
11096,1
36153,0.98
6114,0.76
29129,0.96
37904,1
40094,0.96
5012,0.98
20771,0.98
12177,0.98
26585,0.96
36318,0.96
39664,0.98
30093,0.96
7455,0.1
16941,0.98
15975,0.84
37467,0.88
11966,0.94
33506,0.92
2313,0.76
13781,1
28450,0.94
38025,0.98
13910,0.98
31454,0.98
1646,0.98
10913,1
1998,0.96
9864,0.94
17317,0.98
37321,1
14076,0.96
22696,0.94
27008,1
16930,0.36
6133,0.9
38961,1
38584,1
28923,0.96
36516,1
13388,0.94
39938,0.94
20866,0.88
24742,0.34
31802,1
37988,1
36372,0.42
446,0.92
24440,0.88
10043,1
33072,0.76
4847,0.94
19335,1
12643,0.64
31970,1
7476,1
34646,0.98
6326,1
1054,0.98
23507,0.84
14032,0.76
24480,1
17190,0.96
7159,0.92
15133,0.98
37784,0.98
31119,0.64
36677,1
12068,0.88
7309,0.98
2436,0.98
10227,1
8612,0.98
38091,1
2621,0.98
17925,0.06
18947,0.98
12033,0.9
34219,0.98
37461,0.96
33544,0.96
31976,1
13549,0.54
1526,1
30597,0.98
28289,0.98
2678,0.86
28600,0.98
36932,0.82
22833,0.98
15608,0.7
28281,1
30383,0.74
16485,0.82
35675,1
12549,0.94
6000,0.96
37909,0.68
5053,0.96
14910,1
10683,0.96
8736,0.96
40520,0.88
38323,0.9
24285,0.96
1041,0.88
15709,1
3516,1
33022,0.82
9487,0.88
15031,0.96
19626,0.94
17596,0.22
18873,0.9
33045,1
21500,0.92
3074,0.94
30961,0.36
14057,0.98
25,0.38
39636,0.94
25915,0.98
8605,0.98
6975,0.96
39345,0.96
988,1
34760,0.92
14813,0.96
27904,1
6872,0.94
22215,0.82
36909,0.98
8370,0.7
7835,1
2245,0.92
3032,1
25412,1
10041,1
36237,0.9
25567,0.5
15323,0.98
40317,0.88
26059,1
36659,0.88
634,0.98
28052,1
211,0.2
16543,0.58
10651,1
22953,0.94
2439,0.74
23375,1
19156,0.96
19283,1
21218,0.96
22701,0.42
23079,0.96
32989,1
30045,0.96
19713,1
10603,1
34604,0.54
29290,0.88
18782,0.72
16905,0.98
22704,0.54
33361,1
21351,0.26
39239,1
19933,0.7
7510,0.98
9692,0.98
820,0.96
34365,1
3572,1
16412,0.8
31795,0.96
25888,0.94
17564,0.74
25581,0.44
1941,0.98
9054,0.96
7976,0.46
32758,0.64
7841,0.94
234,0.72
2700,1
26397,0.96
32790,0.96
5303,0.96
34282,1
40384,0.86
29376,0.96
15810,0.98
13362,0.94
29106,0.9
26488,0.96
31800,1
16647,0.86
12764,0.98
19877,1
26782,0.92
4983,0.78
34583,0.84
24529,0.54
24224,0.98
2816,0.98
31358,1
33504,0.96
22089,0.98
24346,1
31858,1
39778,0.94
5911,1
14399,1
13529,0.94
34797,0.98
27389,0.98
15239,0.86
4694,0.94
29281,0.5
24123,0.98
8991,1
16701,0.92
27900,0.88
39173,1
41069,0.84
26960,0.92
5272,0.9
17870,0.98
30965,1
19077,1
4836,0.98
28745,0.84
18378,0.96
29742,1
3352,1
23726,0.62
10131,1
30871,0.94
6377,0.98
11278,0.96
6870,0.94
11529,0.92
33591,0.72
29814,0.98
23240,0.6
34726,0.98
39479,1
32502,0.98
25177,0.88
11498,0.98
4180,0.98
21089,1
4269,0.6
41166,0.94
7894,0.66
31174,0.96
21031,1
2542,0.22
30874,0.66
3145,0.98
37877,1
29538,0.62
18623,0.92
38039,0.98
23751,0.98
32980,0.92
16265,0.4
29952,0.78
7155,1
36696,1
26822,0.94
10601,0.46
33063,0.82
31143,0.9
35717,1
39478,1
20839,0.9
24190,0.98
25968,0.92
1322,1
23703,1
10077,0.98
28092,1
14131,0.78
15615,1
6371,0.94
13642,1
6921,0.98
10167,0.94
29703,0.56
6336,0.98
10531,1
8544,0.94
39202,0.94
24213,0.88
27461,1
16337,0.98
20818,0.98
5630,0.56
17952,0.94
21121,0.98
29523,0.96
16393,0.96
30487,0.52
9443,0.96
6551,1
11283,1
3890,0.94
20947,0.7
4504,1
357,0.4
26543,0.96
36973,0.88
15287,0.46
16911,0.96
22918,0.96
25277,0.98
26788,0.98
5204,1
23860,0.96
21879,0.96
21913,0.98
34217,1
39746,0.58
13678,0.92
5624,0.3
18523,1
20983,0.92
34325,0.96
3962,0.88
39066,1
31457,0.96
17541,0.94
32480,0.98
23671,0.94
26310,1
31922,0.98
1327,0.9
26429,1
19523,0.84
33630,0.94
18405,0.78
34665,0.22
7300,0.78
34223,1
8172,0.56
15172,1
37040,0.94
36174,0.92
5685,1
13983,0.98
17036,0.88
16009,1
962,0.92
16205,0.94
5320,0.54
204,0.34
10902,0.98
20051,0.86
26428,0.84
40166,0.92
99,0.98
16980,1
22747,0.98
37263,0.96
34700,0.62
38636,0.96
9414,1
38807,1
1711,0.82
3252,0.96
5592,0.96
27443,0.98
28096,1
32561,0.94
30367,0.56
9258,0.94
4791,0.96
36575,1
20347,1
5472,0.96
28565,0.98
37896,0.96
25208,0.92
16580,0.94
40872,0.32
33750,1
26016,1
39544,0.98
39468,0.92
30991,0.96
28743,0.94
14084,0.7
963,1
24830,0.98
3150,1
29634,0.9
12658,0.94
31153,0.5
13414,0.98
13334,1
15416,0.72
7095,0.96
27266,0.96
24802,0.92
21665,0.94
9624,1
675,0.98
17006,0.82
16443,1
38429,0.96
13234,0.94
39753,0.96
15325,0.58
21130,1
29056,1
19280,1
915,1
21696,0.86
26701,0.98
7077,0.94
17009,0.92
34231,0.82
30736,0.94
35995,0.9
29809,1
30068,1
1215,0.98
4889,1
11569,0.7
9347,0.96
5222,0.82
40206,0.84
37874,1
35665,0.74
17104,0.52
10852,0.94
22856,0.9
32620,1
27721,0.96
11440,0.92
12787,1
3525,0.76
15294,0.98
40832,0.92
31684,0.74
31366,0.98
8315,1
19359,0.92
37253,0.9
6752,0.98
3762,1
20054,0.96
7181,0.9
38715,0.86
21631,1
3840,0.98
18579,0.94
9726,0.88
36388,1
35167,1
37970,0.96
23736,1
6059,1
31598,0.94
41136,0.6
9517,1
36503,0.92
40400,0.06
4308,0.98
10120,0.04
9831,1
30970,1
15692,0.5
37046,0.9
24965,0.9
37762,0.9
9390,0.98
19926,0.84
28191,1
14885,1
22736,0.84
36353,0.96
28129,0.92
41063,0.8
4911,0.34
30751,0.98
9056,0.96
1321,1
34786,1
11378,0.98
10749,0.96
9290,1
16246,0.98
6338,0.94
1478,1
35792,0.96
165,0.88
32491,0.94
37121,0.84
22423,0.98
13703,1
7650,1
21859,0.94
17728,1
21791,0.82
14829,0.94
26535,0.96
4226,0.98
11996,0.74
17382,0.48
20280,0.78
29707,1
17446,1
3424,0.96
16052,0.98
26452,0.94
376,0.7
20658,1
40694,1
35188,1
625,0.5
10014,0.96
32577,0.98
24139,0.9
36500,0.98
14905,0.98
24553,0.96
21834,1
23763,0.46
38553,0.96
18290,0.98
30987,0.98
23934,0.96
36642,1
18055,0.98
38481,0.74
10734,0.88
7892,1
30313,1
4764,0.9
23472,0.98
7563,0.72
21543,1
1861,1
14557,0.96
23311,0.88
28063,0.84
38913,0.82
39280,0.92
15830,0.96
39266,1
16598,0.92
27496,0.96
5038,0.98
20113,0.66
6436,1
1922,0.96
2006,1
36418,1
25339,0.98
2001,1
2717,0.98
24363,1
16549,0.96
15887,0.62
20498,1
11864,0.82
23809,0.96
2521,0.96
7351,0.96
22328,1
8707,0.98
16677,0.52
38701,0.94
19456,0.84
36066,0.88
28211,1
8833,0.62
36967,1
32933,1
24622,0.6
15144,1
8710,0.88
6787,1
1016,0.3
23027,0.54
37360,0.74
24199,0.76
16061,0.86
6786,0.98
3567,0.96
4264,0.78
5894,0.88
27118,0.98
32579,0.98
1748,0.84
27838,0.96
27888,0.86
22910,0.94
30809,1
3613,1
21193,1
21467,0.9
6036,0.92
39525,0.94
19843,0.98
33727,0.52
19676,0.86
26100,0.56
36509,0.98
23383,0.88
10679,1
3566,0.86
28068,0.98
19137,0.96
19635,0.98
21941,0.84
32731,1
41178,0.98
2833,1
9675,1
23106,0.94
30759,0.96
38396,1
32672,0.92
41041,0.58
4584,0.92
23610,1
18389,0.92
23648,0.78
16590,0.98
37210,0.44
14850,1
19504,0.96
12397,0.8
29944,0.64
33094,0.92
31529,0.72
23546,0.94
3611,1
39963,1
40901,0.98
21663,0.96
18433,0.86
20889,0.86
5960,0.98
21354,0.94
10219,0.88
22038,0.94
1057,1
15273,0.98
12941,0.94
16960,0.84
7654,0.94
26047,0.52
14049,0.92
23411,1
11786,0.98
16110,0.94
39977,1
33871,0.92
5710,1
21686,1
9843,0.98
3969,0.96
39511,0.98
31204,1
23071,0.96
19529,0.96
38047,0.94
11890,0.94
6399,0.68
10614,0.82
37462,1
2424,0.96
38225,0.88
6315,0.5
7784,1
25773,0.42
40715,0.92
27242,1
11785,0.44
8850,0.98
36213,0.54
7493,0.8
24272,1
3899,0.92
14688,1
1541,1
19795,0.7
2749,0.98
13877,0.94
12845,0.84
40432,0.88
39888,0.98
1020,0.58
4552,0.38
13626,1
38928,0.66
30792,0.98
18516,0.98
15989,0.82
2281,0.98
37018,0.86
23025,0.96
23119,0.58
20197,0.86
32222,0.94
23755,1
27854,0.98
30120,0.84
16991,0.96
16934,0.98
20476,0.88
28381,1
12435,0.98
30058,0.96
30390,0.46
5712,1
21054,0.98
16074,0.5
38544,0.72
25766,0.84
12705,0.92
325,0.98
31496,0.98
21851,0.28
28627,1
28836,0.18
8191,1
2754,0.94
30161,0.98
28033,0.9
18223,0.74
37664,0.96
11460,1
22228,0.32
8045,0.92
1292,0.64
22685,0.98
38583,0.9
116,0.98
39780,1
9845,0.54
32628,0.94
34761,1
11361,1
16735,0.2
21539,0.82
17152,0.96
5861,0.42
14836,1
8697,0.9
26450,0.88
27579,0.1
24043,0.38
35385,1
12991,1
22661,0.84
32166,1
13257,0.34
36236,1
34763,0.88
38374,0.98
28820,1
10467,0.98
38276,1
19445,0.88
12420,0.96
22191,0.88
40120,0.92
33252,0.98
34226,1
34261,0.98
33392,1
11493,1
10108,0.98
21250,1
8472,1
31024,0.98
25694,1
13184,0.98
37603,0.84
10799,0.62
4602,0.56
28326,0.96
20710,0.2
24051,0.8
23424,0.58
34507,1
2323,0.68
4491,0.86
28147,0.82
21525,0.96
34603,0.94
7352,1
8895,0.96
27174,0.96
27832,1
21655,0.96
29165,0.96
12223,0.92
24257,0.28
26303,0.9
14895,0.96
20599,0.98
20340,0.72
12864,0.98
5993,1
22859,0.94
20763,1
25125,0.52
14311,0.34
16879,0.96
31953,0.34
39259,0.98
8616,0.98
14954,0.94
27557,1
3648,0.94
36974,0.62
21975,0.72
9467,1
38951,0.98
18009,0.74
4957,0.86
30055,0.84
33393,1
13735,0.94
29226,1
40751,0.74
16572,0.98
3678,1
11666,1
3197,0.9
29647,0.96
29536,0.98
7821,0.98
8003,1
12846,1
10886,0.72
11885,0.92
27822,0.92
39187,1
24384,0.84
15111,0.98
4089,0.92
24988,0.98
16283,0.86
8598,0.92
3980,1
27453,0.94
23098,0.94
2329,1
6966,0.96
23203,0.64
6962,1
31968,0.82
30168,0.54
33316,1
19435,0.92
11092,0.94
19601,1
5445,1
6980,1
2705,0.96
20402,1
19553,1
6372,1
26273,0.88
18372,0.64
23800,1
31886,1
31265,0.98
12365,0.88
24866,0.98
21877,0.92
1577,0.98
1721,0.98
9161,0.98
18995,1
30508,1
34606,0.4
29255,1
40141,0.92
30090,0.4
15079,0.92
7810,0.96
22198,0.8
38893,0.94
41137,1
19275,0.98
25465,1
25101,1
37824,0.98
29017,0.92
38414,1
15197,0.4
12159,0.96
33160,0.96
23014,1
2530,0.96
18412,0.98
1854,0.96
27873,0.98
40713,1
6901,0.96
29367,0.94
1195,1
6080,0.98
22774,0.98
20930,0.94
29545,0.96
35888,1
6886,1
4993,1
8824,0.86
24362,0.98
34666,0.44
27059,0.94
29613,0.7
32108,0.94
25939,0.94
2098,0.98
40391,0.96
5406,0.98
17310,0.94
22797,0.86
8032,0.94
22306,1
25377,1
27669,0.98
2632,0.6
17207,0.94
16898,1
7781,0.94
3192,0.84
6335,0.98
13354,1
9594,0.98
3326,0.98
13010,1
27697,0.96
6255,0.74
32424,0.98
6912,0.64
695,0.62
18780,0.98
27183,0.76
19242,0.84
23668,0.98
29537,0.9
32986,1
17097,1
13639,0.94
34147,0.76
20552,1
39740,1
37147,1
18097,0.96
34686,0.96
39506,0.1
27053,1
7412,0.84
1807,0.98
5897,1
24588,1
22411,0.92
18936,0.86
9324,0.96
15384,1
35669,0.98
12055,0.9
33410,0.9
12730,0.92
16145,0.86
6051,0.98
24566,0.98
33521,0.96
33928,0.98
18244,0.9
30588,0.88
18768,1
4604,0.84
28933,1
16971,1
20852,0.94
4600,0.96
17848,1
29341,0.96
16481,1
19825,0.28
36605,1
12201,0.8
38486,1
30173,0.16
5206,1
25959,0.86
30710,1
9519,0.94
37837,1
25953,0.64
1675,0.96
8849,0.34
7895,0.94
3114,1
31321,1
32130,0.96
11056,0.72
7844,0.9
5181,1
17813,0.76
22175,0.72
4626,0.84
34362,0.96
29492,0.98
2490,1
19089,0.98
39803,0.74
16866,1
23514,0.98
14435,0.96
778,1
37823,0.96
28759,1
37499,0.86
40412,0.98
6864,0.98
27770,1
34886,1
20035,0.98
29268,1
1988,0.36
27748,0.96
8497,1
37418,1
13512,0.98
5126,0.78
6352,0.94
6495,0.96
516,0.98
39174,0.92
4640,0.9
9518,1
37069,0.9
33529,1
8277,0.88
2426,1
12136,0.84
3168,0.98
20295,0.64
11129,1
36305,1
18169,0.96
30376,0.94
32874,1
30000,0.88
3120,1
21647,1
28659,0.98
27072,0.58
27218,1
4143,1
24086,0.96
34678,0.98
460,0.98
1185,0.46
15768,1
20395,0.08
21421,0.52
18815,0.9
33297,1
28083,0.86
20853,0.9
27780,1
17141,1
24172,0.38
12361,0.72
39767,0.98
40821,1
17008,1
40248,0.98
7126,0.9
23089,0.82
5007,0.94
22621,0.92
34809,0.94
22333,0.98
6770,1
1477,0.9
27391,0.48
37606,0.96
26835,1
760,0.98
29984,0.88
27256,0.98
39340,0.36
37681,0.8
5457,0.96
13429,0.32
33519,0.92
33803,0.52
18417,0.98
20096,1
25792,0.88
32863,0.98
39261,0.94
24937,0.98
22710,1
9698,1
15360,0.84
33390,0.4
27419,0.98
16577,0.86
31525,0.98
1136,0.98
38337,0.96
6231,1
31192,1
30619,0.94
22646,1
19794,0.98
8802,1
12257,0.98
31837,0.96
39563,1
32737,0.98
16125,0.88
10934,0.88
28991,0.98
9628,0.96
14915,0.98
40592,0.98
29795,0.9
12063,0.92
18725,0.9
15584,0.98
34264,0.96
15543,1
22334,1
794,0.92
25622,1
22860,0.98
3002,0.44
36588,0.98
10686,0.44
5229,0.96
26621,0.62
7260,0.56
24501,0.86
8556,0.92
17560,0.98
29023,0.98
38174,1
32714,0.96
27436,0.78
32648,0.86
14070,0.18
38303,0.94
223,1
14876,0.94
25710,0.74
34816,0.8
6469,0.88
16889,1
36049,0.78
40039,0.94
12654,0.94
25655,0.98
10590,0.96
38170,0.82
16005,0.98
24260,0.94
19024,0.96
6500,0.9
28986,0.86
29727,0.94
17860,1
34011,0.96
974,1
41008,0.88
6471,0.92
8856,0.96
34156,0.96
39050,0.98
32378,0.98
36113,1
1008,1
16234,0.96
32815,0.94
11182,0.64
33197,0.44
16712,0.96
7605,0.76
2336,1
17165,0.82
10828,0.96
7778,0.68
21094,1
34529,0.86
16242,0.96
25498,0.92
11365,1
18548,1
13897,1
14468,1
24735,0.92
18691,1
23280,1
25560,0.84
2366,0.9
24329,0.98
23737,0.74
1475,0.98
23847,1
15568,0.96
36990,1
26530,1
38770,0.64
20986,0.98
20635,0.94
21405,1
10055,0.98
23890,1
20871,0.88
38283,0.98
30604,0.98
21415,0.98
39248,1
3707,0.78
15572,0.94
37218,0.98
12802,1
26106,0.88
19098,0.04
24664,0.62
19697,0.94
39247,0.98
26790,0.9
10796,0.98
24211,0.88
35437,0.96
12222,1
34166,0.98
10084,0.98
13004,0.98
30599,0.52
4507,1
28989,1
11743,1
20911,0.98
13655,0.64
14596,0.88
8166,1
34488,1
19412,0.94
36570,1
9870,1
26223,0.6
30082,1
14630,0.78
34369,1
34995,0.94
17087,0.7
18940,0.96
11214,1
23543,0.92
12074,0.6
39905,0.98
46,0.96
1379,0.98
25607,0.94
39660,0.92
571,0.98
1921,0.82
40782,0.9
5772,0.96
22987,0.94
16756,0.98
36919,1
12112,0.92
23313,1
34520,0.96
36561,0.94
38319,1
26295,0.86
26648,1
138,0.92
12358,0.92
20924,0.86
11191,0.94
16037,1
16640,0.5
32350,1
6033,0.94
19967,1
22095,0.9
26369,0.96
40230,0.96
29187,0.82
24569,1
36097,1
1777,1
21685,1
13510,0.98
29275,0.78
14314,0.42
32539,0.6
38080,0.94
489,1
30725,1
9557,0.84
33049,0.52
1052,0.56
21082,0.7
1691,1
8096,1
41130,1
20650,0.96
35951,0.92
27414,0.88
27981,0.98
6457,0.9
36794,0.96
22733,1
11611,0.8
31703,0.14
27237,1
10560,0.86
10417,0.98
1340,0.94
9243,0.96
37189,0.96
17510,0.98
16964,0.3
23068,0.96
39890,0.92
4894,0.92
33487,0.98
25802,0.56
40066,0.92
28955,0.86
25878,0.92
34575,0.88
36816,0.18
3597,1
3051,0.46
26574,0.94
4745,0.98
17730,0.96
10576,0.98
22536,0.4
28849,0.86
4712,0.92
18140,1
6277,1
15175,0.92
25922,1
14235,0.94
4267,1
2659,1
4677,0.98
4807,0.56
110,1
19577,0.9
39379,1
30344,0.94
4029,0.82
21049,0.98
11025,1
32840,0.86
8650,0.96
36223,0.98
9708,1
35311,0.94
34777,0.94
457,0.88
36801,0.8
4610,0.8
16813,0.88
33721,0.98
29099,0.98
34348,1
29571,0.74
12763,0.32
6251,1
9074,0.94
25264,0.78
7691,1
20299,0.98
31066,0.24
33852,0.92
37132,0.98
16359,0.98
25761,0.98
32428,0.94
16096,0.94
19566,0.98
30363,0.12
14849,0.98
26203,0.98
40305,0.98
27475,0.52
12016,0.24
18185,0.98
13209,0.76
39520,1
15535,0.9
12150,0.3
31555,0.92
31884,1
32396,0.92
31178,1
36101,0.96
2475,1
22347,0.98
2895,0.98
10663,0.98
25464,0.96
4990,1
8930,0.84
29778,0.96
6494,1
1600,0.96
3898,0.92
34948,1
21703,1
26544,0.92
14977,0.98
37282,1
27281,0.96
36555,0.9
18380,0.82
12183,0.36
10996,0.56
33834,0.98
22818,0.94
32403,0.9
12416,0.96
28911,0.98
35852,0.96
17330,0.98
28691,1
25341,1
28558,0.1
11547,1
36118,0.98
39657,0.98
30750,0.98
31729,0.92
3391,0.96
1743,0.98
40529,0.94
14073,0.88
25578,0.94
38571,0.88
16272,1
29138,0.94
31915,0.88
19430,0.96
28630,0.4
20845,0.72
840,0.92
25387,0.9
25755,1
15187,1
17108,1
15859,0.92
8070,1
40977,0.8
26415,0.24
9898,0.94
4114,1
29399,1
40073,1
40982,1
24487,0.92
24672,0.78
8437,0.3
33221,0.58
31952,1
650,0.84
18631,1
34735,0.72
27942,0.9
18268,0.92
7409,0.76
31062,0.96
7847,0.74
20896,0.92
5829,0.84
20003,0.98
9435,0.18
28337,1
22167,0.84
37914,1
28721,0.94
30180,0.98
18426,0.96
31676,0.78
14361,0.9
17734,0.9
32452,1
5851,0.96
27497,0.82
19115,1
27123,0.36
12810,0.96
38999,1
21423,1
31526,0.88
13960,0.98
36584,1
5556,1
12746,1
38907,0.94
25933,0.96
22527,0.36
35045,0.94
5308,1
6660,0.98
19439,1
11604,0.4
37233,1
12897,1
22367,1
40343,0.62
15885,0.82
36945,0.86
33758,0.96
6979,0.38
30205,1
9254,0.94
40395,0.94
11014,0.98
17712,0.76
14404,1
35570,1
9199,0.92
12161,1
20276,0.96
21505,0.98
12345,0.92
10415,0.94
39194,0.46
14462,0.86
22103,0.8
11093,0.94
39110,0.9
14960,1
23063,1
38044,0.8
4312,0.7
10047,1
6928,1
10254,0.94
19679,0.94
33453,0.64
29179,0.94
40787,0.98
21364,0.94
10781,0.98
14,0.86
7494,0.9
16343,0.94
33120,1
13166,0.92
1772,0.98
24032,0.98
5404,1
12908,0.22
26045,1
19129,0.66
3110,1
33280,0.86
29177,1
39630,0.84
41100,0.98
26752,0.64
40801,0.86
27108,0.4
40453,0.62
34449,0.26
7668,0.88
25724,0.98
24984,0.98
25044,0.94
20185,0.94
31926,0.96
3019,0.98
30665,1
23186,0.72
5557,1
18502,0.96
4181,0.92
16692,0.98
9579,0.54
776,0.98
18149,0.96
17994,0.48
35016,0.98
12425,0.96
39755,0.42
28539,0.86
18799,0.98
24700,0.74
9167,0.94
30658,0.98
24375,0.98
17306,0.98
26985,0.94
1744,0.96
5708,0.26
6412,1
40995,0.98
2998,1
29810,0.9
18568,0.8
15547,1
37248,1
6022,0.98
2658,0.98
20306,0.74
8133,0.82
11669,0.96
17518,0.98
15790,0.82
25048,1
15863,1
18344,1
22428,0.92
3166,0.96
1369,0.92
24369,0.86
29658,0.94
27182,1
1893,0.76
1767,0.94
15370,0.96
34908,0.96
14334,1
33176,1
40080,0.92
8321,1
18682,0.98
30418,0.88
22569,0.82
18306,1
23018,1
28282,0.92
28222,1
18758,0.98
26233,0.92
14590,0.74
18478,0.98
18556,0.98
8151,0.62
27104,1
36098,1
834,0.84
3060,0.92
23686,0.9
41060,0.96
22579,0.96
14182,0.98
30137,1
35647,0.8
34317,0.96
3342,0.94
2866,0.94
14924,1
24880,0.98
4444,0.96
10430,1
6830,1
10537,1
13327,0.68
39851,1
467,0.94
16901,0.98
12025,0.92
11489,1
26776,0.72
1874,0.94
36265,0.98
10203,1
39792,0.92
19216,0.96
34253,0.98
25018,0.96
11242,0.86
40469,0.64
38051,0.96
15341,0.8
14167,0.96
8730,0.96
37010,0.98
12510,1
6401,1
15750,0.92
7819,1
18051,0.78
25482,1
11032,0.92
31607,0.32
34815,0.96
1059,0.74
22687,1
15135,0.98
19980,1
26620,0.98
24165,0.98
35534,1
22951,0.96
6319,0.92
21221,0.92
38699,0.98
30955,0.88
17709,1
10439,0.98
4406,1
17501,0.9
30781,1
19555,0.28
30957,1
2835,1
17213,0.72
4305,1
15242,0.98
1886,0.98
18894,0.92
4250,0.94
13225,1
8957,0.92
15032,1
32603,1
11483,0.86
24779,0.94
27969,0.92
832,0.98
9383,1
7287,0.98
30264,0.98
38296,1
18675,0.98
21466,0.98
36203,1
17052,1
10277,0.98
28005,1
18792,0.44
32681,0.88
4839,1
31778,0.98
3813,0.94
9924,1
35591,0.86
14464,0.94
32616,1
28496,0.54
1670,1
30896,0.38
23881,1
356,0.9
9815,1
30766,0.96
15525,1
35467,0.96
20489,1
3894,0.82
12390,0.88
3458,0.98
17412,0.9
8746,1
35202,0.98
39235,0.94
3810,0.9
27537,0.92
31030,0.98
21123,0.32
15736,0.94
39190,0.52
31002,0.3
35070,0.98
32517,1
23899,0.96
3868,0.98
26341,0.96
10473,0.84
452,0.92
12318,0.9
28149,0.94
26902,0.98
1785,1
632,0.94
10037,0.94
34936,1
26977,1
6942,0.98
4016,0.34
30330,0.94
1920,0.98
26899,1
12187,0.86
23747,0.96
24906,0.96
10990,1
36622,0.96
13223,0.9
24379,0.28
17044,1
30244,1
28854,0.98
37292,0.32
11362,0.18
2939,1
33107,0.96
953,0.92
22432,1
13924,0.62
13716,1
7689,0.98
19053,0.98
29058,0.7
28475,0.86
36361,0.16
24703,1
16629,0.8
21118,0.3
32983,0.96
23326,0.98
12057,0.14
4642,0.98
6413,0.94
28861,0.98
39709,1
36497,0.92
17673,1
28079,1
29766,0.82
12380,1
31340,0.94
29191,0.98
20615,0.98
27197,0.98
12349,0.94
3228,0.98
29845,0.94
94,0.96
11950,0.46
25190,1
25171,0.82
19647,0.92
14381,0.92
33585,0.34
17855,1
17835,0.98
23302,0.86
12401,0.76
19987,0.88
2974,0.98
19289,1
1549,0.96
38301,0.94
5278,0.94
40478,0.96
38493,0.94
20275,0.92
40674,1
10802,0.94
4202,0.98
913,1
27144,1
15714,1
34479,0.96
23693,0.94
20321,0.96
16470,1
9712,0.98
3209,0.96
36419,0.64
11216,1
19144,0.98
27068,1
9721,1
10980,0.92
4967,1
18006,1
6711,0.58
9626,0.8
17153,1
32059,0.92
3095,0.98
38797,0.92
25918,0.96
26215,1
40941,0.98
37934,0.98
36935,1
24745,1
10319,0.98
24450,0.98
40368,0.96
9119,1
40914,0.48
32572,0.26
10951,0.98
17499,0.5
40605,0.92
38236,1
13259,0.92
9346,0.94
14533,0.98
13216,0.82
12022,1
35330,0.9
39712,1
13974,0.68
37305,0.94
41120,1
10156,1
10170,1
28131,1
25448,1
36667,1
5475,0.78
38642,1
18574,0.92
18841,0.9
38890,0.64
16926,0.96
8396,0.86
6826,1
40828,0.9
26019,1
9031,0.96
6400,1
11672,0.98
26807,1
4536,0.2
28545,0.96
39646,0.98
37619,0.74
17543,0.9
23437,0.86
30438,0.88
18787,0.98
3245,0.72
10228,0.98
35022,1
34960,1
24713,0.86
32993,1
16179,0.98
36041,1
26164,0.82
29582,1
32761,1
4862,0.92
8117,1
40340,0.4
13126,1
30089,0.6
38215,0.94
34573,0.96
32936,0.94
27607,1
27233,0.88
40106,0.96
34530,0.42
19382,0.94
3131,1
30972,1
19785,0.96
22260,0.98
38711,0.96
35806,0.98
10552,1
19546,0.8
11426,0.66
14771,0.92
7788,0.94
17571,0.72
5938,0.96
25608,1
39275,0.74
9055,1
8429,0.68
29796,0.96
2372,0.9
17830,0.76
38344,1
34332,1
4437,0.5
4770,1
4223,1
17644,0.96
15149,0.98
25975,0.72
732,0.68
18177,0.98
5025,0.86
32198,0.54
11247,0.96
6229,0.98
23120,0.5
19602,0.96
26626,0.98
26661,1
21981,0.94
27564,0.22
7589,0.98
33353,1
30134,1
38448,0.96
36181,1
14773,0.9
21759,0.98
27926,1
31186,1
12108,1
9264,0.98
1017,0.96
30822,0.98
11828,1
37045,0.96
13550,0.94
21362,0.92
24736,0.94
5782,0.9
4022,0.98
15278,0.96
9289,0.92
20291,1
30319,0.86
15077,0.96
29670,0.88
5781,1
17192,1
13709,1
4527,0.48
8365,0.58
37778,0.64
13114,1
40680,1
33397,0.82
9334,0.96
15140,0.96
8672,0.98
15684,1
15819,1
32443,0.96
9732,1
17724,0.98
17534,0.92
31482,1
38719,1
19284,0.96
3142,0.9
5699,0.92
16645,0.98
2566,0.92
26703,0.98
23961,0.98
13476,1
19228,0.62
21762,0.96
3463,0.98
15075,0.96
10186,1
15862,1
23762,0.96
38726,0.76
37514,1
29605,0.8
32253,0.18
16142,0.88
18541,0.68
22222,1
28765,0.92
16141,0.92
34956,0.92
14676,0.7
24386,0.92
8015,0.7
392,0.98
1733,0.62
27821,1
29799,0.98
27299,0.92
39568,0.94
8470,0.98
10774,0.98
16241,0.74
6165,0.88
14845,1
17718,0.88
24169,0.74
13237,1
13494,1
39538,0.98
20706,0.96
15733,0.98
38226,0.72
22970,0.96
25347,0.98
26357,0.96
25202,1
3799,1
16524,0.9
29699,0.96
14721,0.86
27337,1
20592,0.9
31610,0.94
24455,1
4860,1
13564,0.96
40567,1
20906,0.96
14489,0.5
11017,0.94
6829,0.86
5891,0.88
33216,0.42
14749,0.94
7978,0.98
4794,0.98
26979,0.98
31177,0.98
11015,1
14947,0.98
39306,0.98
10382,0.98
16392,0.88
4684,0.82
17675,0.96
8405,0.5
33840,0.98
23092,0.9
6478,0.96
39147,0.98
13592,0.7
32201,1
9014,0.92
5816,1
2744,0.84
22877,1
696,0.84
6956,0.76
31095,0.98
28492,0.96
16844,0.98
39228,1
27065,0.88
10703,0.5
28458,0.98
12311,0.92
18732,0.88
6682,1
19112,0.98
12584,0.9
5380,0.88
5000,0.98
40653,1
26708,0.94
23062,0.92
151,0.96
19457,0.96
29140,0.9
29131,0.9
11921,0.54
34677,0.96
34289,0.92
4876,0.98
14212,0.94
23967,0.5
15266,0.52
27990,1
20596,0.98
30132,0.98
40550,0.9
288,0.9
39410,0.96
19002,0.94
16953,1
20272,0.86
34641,1
18121,0.9
37160,1
38472,1
12531,0.98
21220,0.98
10680,1
40433,0.94
25456,0.98
27637,1
209,1
28740,1
38995,0.98
38295,0.86
2947,0.92
6206,0.96
40024,0.98
13272,0.98
32907,0.92
18996,0.56
10515,0.58
37704,1
2169,1
40650,1
9900,0.9
7954,0.92
35932,0.96
2671,0.4
37659,1
40847,0.98
2088,1
29256,0.88
21273,0.96
24764,0.98
5770,0.8
25205,0.82
35065,0.56
15392,1
31588,1
33440,0.92
38316,0.96
36189,0.88
30030,0.98
9300,0.96
31380,0.86
24246,1
25209,1
37371,0.68
24335,0.94
14627,0.52
19687,0.96
26362,0.86
34141,0.96
24382,1
17623,1
22922,0.9
38010,0.66
13163,0.82
775,0.16
19224,1
39954,0.98
9375,0.94
18307,0.68
32755,1
35579,1
11803,0.96
13824,1
3660,1
23679,0.88
38412,0.94
37642,0.74
2573,0.4
3148,0.86
3749,1
5914,1
4078,0.94
4997,0.92
37546,0.66
29215,0.24
639,0.34
15447,0.92
21059,1
8533,1
32456,1
14674,0.92
32185,0.88
13959,0.96
9560,0.98
21323,0.98
34153,0.96
33223,0.96
14436,0.9
18629,0.54
22189,0.94
30419,0.98
16663,1
28416,1
28291,1
22033,0.98
4336,1
10329,1
24116,0.96
3688,0.96
13542,0.94
21023,0.98
5277,0.94
15316,1
633,0.9
8520,0.9
38410,0.98
31552,0.94
18572,1
3054,0.94
14279,0.88
5006,0.96
19290,0.98
27375,1
8214,0.32
39327,1
37751,1
11511,1
18459,0.96
18088,0.96
29838,0.96
15880,1
32002,0.88
34275,0.98
880,0.48
28072,0.6
40491,1
5310,0.98
6154,0.96
